#include <Arduino.h>
static const uint8_t indexhtm[] = {
0x1F, 0x8B, 0x08, 0x00, 0xF7, 0x76, 0xB5, 0x6A, 0x02, 0xFF, 0xED, 0x7D, 0xEB, 0x76, 0xDB, 0x46, 0xD2, 0xE0, 0xFF, 0x3D, 0x67,
0xDF, 0xA1, 0x8D, 0xF1, 0x84, 0xE4, 0x84, 0x04, 0x29, 0xC9, 0xF2, 0x45, 0xB2, 0xE4, 0x91, 0x64, 0x3B, 0xF1, 0xC4, 0xB7, 0xCF,
0x92, 0xE3, 0x2F, 0xB1, 0xFD, 0x8D, 0x41, 0x02, 0x24, 0x11, 0x83, 0x00, 0x03, 0x80, 0x92, 0x18, 0x8F, 0xCE, 0xD9, 0x67, 0xD9,
0x47, 0xDB, 0x27, 0xD9, 0xAA, 0xBE, 0x00, 0x7D, 0x03, 0x08, 0x4A, 0x72, 0x62, 0xCF, 0x24, 0x67, 0xC6, 0x22, 0x80, 0xEE, 0xEA,
0xEE, 0xEA, 0xEA, 0xEA, 0xEA, 0xBA, 0xF5, 0xFD, 0x1B, 0x0F, 0x5F, 0x1C, 0x9D, 0xFC, 0xF4, 0xF2, 0x11, 0x99, 0xE6, 0xB3, 0x68,
0xFF, 0x7F, 0xFF, 0xAF, 0xFB, 0xF8, 0x97, 0x44, 0x5E, 0x3C, 0xD9, 0x73, 0x82, 0xD8, 0xA1, 0x6F, 0x02, 0xCF, 0x87, 0xBF, 0x84,
0xDC, 0x8F, 0xC2, 0xF8, 0x23, 0x99, 0xA6, 0xC1, 0x78, 0xCF, 0x99, 0xE6, 0xF9, 0x3C, 0xDB, 0xE9, 0xF7, 0x47, 0x7E, 0xEC, 0xFE,
0x92, 0xF9, 0x41, 0x14, 0x9E, 0xA6, 0x6E, 0x1C, 0xE4, 0xFD, 0x78, 0x3E, 0xEB, 0x0F, 0x93, 0x24, 0xCF, 0xF2, 0xD4, 0x9B, 0xFF,
0x7D, 0xDB, 0xDD, 0x72, 0xEF, 0xF6, 0xFD, 0x30, 0xCB, 0xFB, 0xA3, 0x2C, 0x2B, 0x3F, 0xB8, 0xB3, 0x30, 0x76, 0xE1, 0x8D, 0x43,
0xD2, 0x20, 0xDA, 0x73, 0xB2, 0x7C, 0x19, 0x05, 0xD9, 0x34, 0x08, 0x72, 0x87, 0x84, 0x71, 0x1E, 0x4C, 0xD2, 0x30, 0x5F, 0xC2,
0xEB, 0xA9, 0xB7, 0x75, 0xF7, 0x56, 0x2F, 0x7B, 0xF5, 0x24, 0xBA, 0xF5, 0xF1, 0xFC, 0xC9, 0xD3, 0xC7, 0xA7, 0x3F, 0xDD, 0xBA,
0xF3, 0x8F, 0x8D, 0xDB, 0xA3, 0xF4, 0xDE, 0xCF, 0x67, 0x87, 0x83, 0x3B, 0xA7, 0x2F, 0x6F, 0xFD, 0xE3, 0xEE, 0xB7, 0x4F, 0xBF,
0xBF, 0xF3, 0xEB, 0x0F, 0xFF, 0x15, 0x2F, 0x7E, 0xFD, 0xB8, 0x78, 0x72, 0x70, 0xFA, 0xFC, 0xCD, 0xD3, 0xDF, 0x82, 0xE7, 0x77,
0xF3, 0x47, 0xDB, 0x3F, 0x1D, 0x2E, 0x7E, 0xF9, 0xF9, 0xD7, 0x7F, 0x3C, 0x3D, 0x74, 0xC8, 0x28, 0x4D, 0xB2, 0x2C, 0x49, 0xC3,
0x49, 0x18, 0xEF, 0x39, 0x5E, 0x9C, 0xC4, 0xCB, 0x59, 0xB2, 0xC8, 0x1C, 0x69, 0x54, 0x46, 0x37, 0xD6, 0x19, 0x66, 0x2F, 0x1C,
0x25, 0x71, 0xF6, 0xF7, 0x0D, 0x77, 0x63, 0xC3, 0xDD, 0xEA, 0x8F, 0x93, 0x38, 0xD7, 0xBF, 0x15, 0xE3, 0x65, 0x4D, 0x66, 0xA3,
0x34, 0x9C, 0xE7, 0x24, 0x4B, 0x47, 0x65, 0x13, 0xDE, 0x2F, 0xDE, 0xB9, 0x3B, 0x49, 0x92, 0x49, 0x14, 0x78, 0xF3, 0x30, 0x73,
0x47, 0xC9, 0x8C, 0xBE, 0xEB, 0x47, 0xE1, 0x30, 0xEB, 0xFF, 0xF2, 0xEB, 0x22, 0x48, 0x97, 0xFD, 0x2D, 0xF7, 0x8E, 0xBB, 0xC1,
0x1F, 0x28, 0xCC, 0x5F, 0x00, 0xE4, 0xFD, 0x3E, 0x83, 0x57, 0x0D, 0x1B, 0xBA, 0xFF, 0x0B, 0x40, 0x8C, 0x92, 0x85, 0x3F, 0x8E,
0xBC, 0x34, 0xD0, 0x80, 0x97, 0x9D, 0xDD, 0xEA, 0xE5, 0xCB, 0x79, 0xE0, 0xE1, 0x94, 0xF7, 0x6F, 0xB9, 0x03, 0x77, 0xB3, 0xFC,
0x26, 0x7D, 0xAA, 0x68, 0x79, 0x16, 0xE4, 0x1E, 0x19, 0x4D, 0xBD, 0x34, 0x0B, 0xF2, 0x3D, 0xE7, 0xF5, 0xC9, 0xE3, 0xDE, 0x5D,
0x47, 0xFA, 0x12, 0x7B, 0xB3, 0x60, 0xCF, 0x39, 0x0D, 0x83, 0xB3, 0x79, 0x92, 0x02, 0x86, 0x01, 0x2F, 0x79, 0x10, 0x43, 0xC9,
0x45, 0x16, 0xA4, 0xBD, 0x6C, 0xE4, 0x45, 0xDE, 0x30, 0x0A, 0xF6, 0xE2, 0xA4, 0x0B, 0x34, 0x10, 0xE6, 0xA1, 0x17, 0xD1, 0x97,
0xC1, 0xDE, 0x46, 0x97, 0xCC, 0xBC, 0xF3, 0x70, 0xB6, 0x98, 0x49, 0x2F, 0xA0, 0x88, 0xF2, 0xE2, 0x2C, 0xF4, 0xF3, 0xE9, 0x9E,
0x1F, 0x9C, 0x86, 0xA3, 0xA0, 0x47, 0x1F, 0xCC, 0xB6, 0xBD, 0xF9, 0x3C, 0x0A, 0x7A, 0xB3, 0x64, 0x18, 0xC2, 0x9F, 0xB3, 0x60,
0xD8, 0x83, 0x17, 0xBD, 0x91, 0x37, 0xC7, 0x76, 0xA5, 0xFE, 0x2C, 0x83, 0xAC, 0x61, 0xDD, 0x2C, 0xF7, 0xF2, 0x45, 0xD6, 0x1B,
0x7A, 0xD0, 0x7F, 0xA4, 0x1D, 0x09, 0x88, 0x1F, 0x8C, 0xBD, 0x45, 0x94, 0x1B, 0x34, 0xC6, 0xE0, 0xE4, 0xC9, 0x62, 0x34, 0xA5,
0xA4, 0x21, 0x28, 0x6D, 0xEC, 0x9D, 0xE2, 0xA3, 0x3B, 0x8F, 0x27, 0x46, 0x9D, 0xAA, 0x72, 0x04, 0x67, 0x04, 0x3E, 0xCF, 0xBC,
0x49, 0xD0, 0x2F, 0x2B, 0xE6, 0x61, 0x1E, 0x05, 0xFB, 0x0F, 0x83, 0xB9, 0x97, 0xE6, 0x8B, 0x34, 0xC8, 0xC8, 0x61, 0xE2, 0xA5,
0xFE, 0xFD, 0x3E, 0x7B, 0x2F, 0x11, 0x09, 0xFD, 0x4D, 0x48, 0xBB, 0xDD, 0x21, 0x7B, 0xFB, 0xE4, 0x13, 0x7B, 0x22, 0x38, 0x86,
0x2C, 0x27, 0xF9, 0x34, 0x98, 0x05, 0xCF, 0xBC, 0x7C, 0x34, 0x0D, 0x52, 0xB2, 0x07, 0xF8, 0x8D, 0xFD, 0xE4, 0xCC, 0x9D, 0xE1,
0x8B, 0x67, 0x81, 0x1F, 0x7A, 0xED, 0x56, 0x7B, 0x0E, 0x3D, 0x0A, 0xD2, 0xAC, 0x37, 0x4A, 0xA2, 0x04, 0x67, 0x10, 0x6B, 0xEC,
0x10, 0xDF, 0x4B, 0x3F, 0x76, 0x5A, 0x9D, 0x5D, 0x15, 0x1C, 0x8E, 0x7B, 0x79, 0x82, 0x25, 0x00, 0x18, 0x6F, 0x90, 0xF8, 0xC9,
0x68, 0x31, 0x03, 0x74, 0xB9, 0xE2, 0xC7, 0xA3, 0x28, 0xA0, 0xCF, 0x40, 0x41, 0x07, 0x79, 0x9E, 0x86, 0xC3, 0x45, 0x1E, 0xB4,
0x5B, 0xBE, 0x97, 0x7B, 0xBD, 0x61, 0xD6, 0xA3, 0x5D, 0x6A, 0x75, 0x95, 0xAE, 0xB1, 0x1E, 0xC1, 0x20, 0x1F, 0x90, 0x16, 0xB6,
0xDC, 0x22, 0x3B, 0xA4, 0x15, 0x85, 0x93, 0x69, 0x0E, 0x5D, 0x20, 0x17, 0x45, 0x2F, 0xCA, 0xF6, 0xDB, 0x65, 0xD7, 0x14, 0x40,
0x9E, 0xEF, 0x3F, 0x3A, 0x85, 0xC6, 0x9F, 0x02, 0xB7, 0x0A, 0xE2, 0x20, 0x6D, 0xB7, 0x80, 0x96, 0xE3, 0x09, 0x36, 0x58, 0x56,
0x16, 0x75, 0x2F, 0x3A, 0x1C, 0x8C, 0xB4, 0x04, 0xEE, 0xF7, 0x39, 0xAB, 0xBC, 0x4F, 0x89, 0x81, 0x62, 0x77, 0x27, 0x85, 0xF5,
0x43, 0x3E, 0xF5, 0xB0, 0xFB, 0xC3, 0xC4, 0x5F, 0xF6, 0x90, 0x3B, 0xF4, 0xB2, 0xF0, 0x37, 0x40, 0xD4, 0xC0, 0xBD, 0x7B, 0x67,
0x3B, 0x0D, 0x66, 0xBB, 0x17, 0x58, 0xD2, 0x1D, 0xE6, 0xB1, 0x28, 0x98, 0xC7, 0xF5, 0xE5, 0x7A, 0xC9, 0x22, 0x07, 0xF2, 0x08,
0x7A, 0x59, 0x00, 0xD8, 0x85, 0x61, 0x2F, 0xC9, 0x27, 0xA9, 0xC2, 0x46, 0x59, 0x78, 0x9C, 0xA4, 0xB3, 0x1E, 0x12, 0x65, 0x9A,
0x44, 0x5D, 0xFE, 0x98, 0x05, 0x51, 0x30, 0xCA, 0x95, 0x1A, 0xA7, 0x5E, 0xDA, 0xB6, 0xF4, 0xB1, 0x23, 0xA0, 0x44, 0x89, 0x97,
0x87, 0xF1, 0x04, 0xBE, 0x24, 0x39, 0x90, 0xC3, 0xA7, 0x79, 0x92, 0xC1, 0x0A, 0x4D, 0xE2, 0x9D, 0x71, 0x78, 0x1E, 0xF8, 0xBB,
0xC3, 0x24, 0xCF, 0x93, 0xD9, 0xCE, 0x60, 0x37, 0x0A, 0xC6, 0x39, 0xFC, 0xA1, 0xEB, 0x6F, 0x67, 0x63, 0x30, 0xF8, 0xEB, 0xEE,
0xD0, 0x1B, 0x7D, 0x9C, 0xA4, 0xC9, 0x22, 0xF6, 0x19, 0x99, 0xEC, 0xA8, 0x4D, 0x0D, 0x27, 0x9D, 0xDD, 0xDF, 0x7A, 0x40, 0x5B,
0xC1, 0x39, 0x94, 0xDF, 0x1A, 0x54, 0x34, 0xE8, 0xB2, 0xBF, 0x50, 0x30, 0xC6, 0xE6, 0x19, 0x7C, 0xE0, 0x01, 0xED, 0x7B, 0x83,
0xBF, 0x76, 0xC9, 0xF6, 0x60, 0x30, 0x3F, 0xEF, 0xEC, 0xCE, 0xBC, 0x14, 0x18, 0xFC, 0xCE, 0x80, 0x78, 0x8B, 0x3C, 0xD9, 0x9D,
0xC3, 0x7C, 0x02, 0x04, 0x80, 0x3A, 0x3F, 0x87, 0x0E, 0xA6, 0x3E, 0x54, 0xCF, 0x93, 0xF9, 0xCE, 0xC6, 0xFC, 0x9C, 0x64, 0x49,
0x14, 0xFA, 0xF2, 0xA0, 0xE9, 0x57, 0xDA, 0xBF, 0xCE, 0x6E, 0x1E, 0x9C, 0xE7, 0x3D, 0x0F, 0x48, 0x28, 0xDE, 0x19, 0x01, 0x39,
0x04, 0x29, 0xEF, 0x53, 0x18, 0x53, 0x94, 0xA7, 0xC9, 0x19, 0x74, 0x60, 0x1A, 0xE6, 0x80, 0xFD, 0xB9, 0x37, 0x0A, 0x76, 0xE2,
0xE4, 0x0C, 0xD8, 0x23, 0x6F, 0x9D, 0x36, 0xD1, 0xDB, 0x86, 0x26, 0x8D, 0x4A, 0xC0, 0xDE, 0x82, 0x88, 0x7C, 0x82, 0xCD, 0x70,
0x1E, 0x79, 0xCB, 0x1D, 0xFE, 0x65, 0x18, 0x25, 0xA3, 0x8F, 0xA2, 0x72, 0x8A, 0x74, 0xBB, 0x73, 0x17, 0x6A, 0xD3, 0x29, 0x38,
0x0B, 0xE8, 0x73, 0x0C, 0x93, 0xE6, 0x45, 0x26, 0x40, 0x7D, 0x72, 0x8D, 0x4F, 0x62, 0xA2, 0xAD, 0x4D, 0x32, 0x1C, 0x52, 0x54,
0x49, 0xA4, 0x42, 0x3B, 0x29, 0x08, 0x05, 0x96, 0xC5, 0xE8, 0x63, 0x8F, 0xF7, 0x5B, 0xEE, 0x11, 0x20, 0x9C, 0x57, 0x1A, 0x2D,
0x32, 0x98, 0xF9, 0x5E, 0xEE, 0x0D, 0x33, 0xF2, 0x29, 0x39, 0x0D, 0x52, 0x98, 0xB9, 0xB3, 0x9D, 0x69, 0xE8, 0xFB, 0x41, 0x6C,
0x29, 0xE2, 0xC6, 0xDE, 0x29, 0x2F, 0xCC, 0x91, 0xCE, 0x48, 0x87, 0xB1, 0x4F, 0x18, 0x69, 0x1C, 0x54, 0xD5, 0xA2, 0xEC, 0xF0,
0x93, 0x46, 0x43, 0x93, 0xD4, 0x5B, 0xF6, 0xA0, 0x37, 0x1D, 0x3E, 0xC3, 0x0C, 0x82, 0x41, 0x73, 0x7F, 0x19, 0x6C, 0xDF, 0xB9,
0xE7, 0xDF, 0x2A, 0x68, 0x02, 0x30, 0x4C, 0x36, 0xEE, 0x16, 0x93, 0x64, 0x6D, 0xCB, 0xF5, 0x46, 0x79, 0x78, 0x1A, 0x40, 0x47,
0x2B, 0x29, 0xB8, 0x58, 0x7D, 0x94, 0x8C, 0x2D, 0xB0, 0xE0, 0xDF, 0x1E, 0xDF, 0x11, 0x60, 0xCD, 0x94, 0x8D, 0xEF, 0x36, 0x85,
0xC9, 0x91, 0x94, 0x7A, 0x7E, 0xB8, 0xC8, 0x80, 0xB2, 0x37, 0xB6, 0xB1, 0xE7, 0xDB, 0xF6, 0x9E, 0xD3, 0x39, 0x4B, 0x91, 0x65,
0xED, 0xEC, 0xE0, 0x16, 0xF5, 0x31, 0x84, 0x55, 0x0C, 0x84, 0x8E, 0x00, 0x16, 0x71, 0x8C, 0xBB, 0x5C, 0x0F, 0x76, 0xF2, 0xD1,
0xC7, 0xBA, 0x31, 0x95, 0x18, 0x5D, 0xD5, 0xC2, 0x2C, 0xF9, 0x8D, 0xFD, 0x5E, 0x1B, 0xE8, 0xDF, 0x67, 0xB8, 0x81, 0x90, 0xF6,
0x14, 0x09, 0x66, 0x87, 0xE0, 0x9C, 0x75, 0x60, 0x37, 0x20, 0xFD, 0xBF, 0x91, 0xF0, 0xC5, 0x31, 0xC9, 0xF2, 0x70, 0xF4, 0x71,
0x49, 0xE8, 0x57, 0x02, 0x0C, 0x86, 0xFC, 0xAD, 0xCF, 0x98, 0xEE, 0x5F, 0x70, 0x8B, 0xF1, 0x17, 0x51, 0x70, 0xE2, 0x0D, 0x2B,
0xF8, 0xE0, 0x0E, 0xAB, 0x65, 0xF6, 0x05, 0xFA, 0x18, 0xC3, 0x7A, 0x4D, 0x61, 0x2A, 0x6E, 0x84, 0x33, 0x94, 0x40, 0xBC, 0x38,
0xDF, 0xD5, 0x59, 0x12, 0x80, 0x64, 0x5C, 0x40, 0x2A, 0x23, 0x73, 0x07, 0xB5, 0xA8, 0xC2, 0x37, 0xA4, 0x1A, 0x17, 0x55, 0xDD,
0xF5, 0x11, 0x5D, 0x69, 0x65, 0x1F, 0x55, 0xE0, 0x93, 0x6B, 0xE8, 0xC4, 0x05, 0xEE, 0x4A, 0x62, 0x37, 0xBA, 0x8F, 0x1C, 0x97,
0xD0, 0xA7, 0x3D, 0x87, 0x53, 0x23, 0x5F, 0x7F, 0x3B, 0xB7, 0x91, 0x4B, 0x72, 0xF9, 0xC1, 0x0F, 0x4F, 0x45, 0x29, 0x95, 0xD1,
0xD6, 0xF2, 0xD9, 0x01, 0xD9, 0x2E, 0x40, 0x00, 0x10, 0x24, 0x15, 0x12, 0xFA, 0x20, 0xB0, 0xC0, 0x0F, 0xD8, 0xCE, 0x91, 0x9B,
0x67, 0xE2, 0x2B, 0x7E, 0x0F, 0x83, 0xC8, 0x87, 0xF7, 0xC5, 0x1B, 0x94, 0x78, 0x82, 0x49, 0x10, 0xFB, 0x45, 0x0F, 0xC5, 0x1E,
0x03, 0x32, 0x90, 0x87, 0x4B, 0xD1, 0xC2, 0x99, 0xA1, 0x67, 0xBD, 0x29, 0xE3, 0x49, 0xB7, 0xB0, 0x79, 0x31, 0x2A, 0xE4, 0xC2,
0x77, 0xA5, 0xEE, 0xF0, 0x06, 0x70, 0x64, 0xD8, 0xA7, 0x38, 0x3D, 0x71, 0x44, 0x33, 0x82, 0x39, 0x22, 0x15, 0x3A, 0xFB, 0xAF,
0xBC, 0x30, 0x22, 0xA6, 0xE8, 0x04, 0x15, 0xED, 0x90, 0xF2, 0x71, 0x54, 0x05, 0xEA, 0x64, 0x31, 0x0C, 0xC8, 0x41, 0x9A, 0x86,
0xA7, 0x5E, 0xB4, 0x1A, 0xD0, 0x70, 0x91, 0x55, 0x01, 0x3A, 0x5C, 0x64, 0x4D, 0xBB, 0x34, 0x8A, 0xBC, 0x2C, 0x83, 0xFA, 0x69,
0x32, 0x07, 0x69, 0x2D, 0x76, 0x0C, 0x5C, 0xC2, 0x32, 0x4E, 0x22, 0x10, 0xAA, 0x76, 0x11, 0x43, 0x88, 0x31, 0xB6, 0xE5, 0x0C,
0x34, 0x4C, 0x01, 0x38, 0x10, 0xBD, 0xF2, 0x24, 0x16, 0x10, 0x51, 0x38, 0x11, 0x50, 0x01, 0xBB, 0x93, 0x09, 0x0A, 0xBB, 0x4C,
0xFC, 0x64, 0x05, 0x1D, 0x3A, 0x0A, 0x10, 0xDE, 0x16, 0x87, 0xFC, 0xB9, 0x90, 0xDA, 0x68, 0x69, 0xB9, 0x53, 0x5E, 0x1A, 0x7A,
0xBD, 0xE0, 0x7C, 0xEE, 0xC1, 0xB6, 0x8F, 0x14, 0x02, 0xF8, 0x81, 0x61, 0x7E, 0xF3, 0x97, 0x7B, 0x77, 0xEE, 0xDC, 0xDE, 0xBD,
0xDF, 0x67, 0x00, 0xF5, 0xFE, 0x2C, 0x22, 0x7D, 0x74, 0x3D, 0x6C, 0x8D, 0x28, 0x4F, 0x3D, 0xA0, 0x1F, 0x0E, 0x9F, 0x6E, 0x5B,
0x51, 0xE0, 0x0F, 0x97, 0x4A, 0xB7, 0x34, 0xB0, 0x54, 0xCE, 0xDE, 0xBF, 0xEF, 0x19, 0xB0, 0x61, 0x7F, 0x9F, 0x09, 0x99, 0xFB,
0x2F, 0x0E, 0x49, 0xE2, 0x51, 0x04, 0x5C, 0x09, 0x8E, 0x54, 0xD0, 0xE9, 0x28, 0x38, 0xC2, 0x9D, 0xF1, 0xF5, 0x1C, 0x86, 0x18,
0x64, 0xED, 0x8E, 0xB3, 0x4F, 0x9F, 0x09, 0x90, 0x3A, 0xE1, 0x2F, 0xEF, 0xF7, 0x3D, 0x38, 0x1D, 0x01, 0xE8, 0x4B, 0x34, 0xD7,
0xFF, 0x18, 0x2C, 0x33, 0x17, 0x0E, 0xE2, 0xCE, 0xFE, 0x23, 0x3F, 0xCC, 0xC9, 0xC1, 0xCB, 0x27, 0xE4, 0x07, 0x78, 0x75, 0x25,
0x98, 0xC0, 0x71, 0xF3, 0x34, 0x93, 0xC1, 0xBE, 0x3A, 0x3E, 0x26, 0x8F, 0x83, 0xC0, 0xBF, 0x12, 0x5C, 0x0B, 0x6A, 0xE0, 0xFC,
0x9A, 0xBE, 0x09, 0xC7, 0x21, 0xC5, 0x0B, 0x3E, 0x90, 0x37, 0xE1, 0xE3, 0x90, 0x1C, 0x73, 0x1E, 0x70, 0xBD, 0xAD, 0xBD, 0x0A,
0xE0, 0x0C, 0x96, 0xE6, 0xC7, 0x4B, 0x90, 0xD9, 0x67, 0xD8, 0x22, 0x7F, 0x41, 0xD8, 0x9B, 0x8A, 0xC6, 0xEE, 0xF7, 0x17, 0x91,
0xBA, 0x78, 0xB4, 0xE5, 0x04, 0x75, 0x28, 0x2F, 0x82, 0x57, 0xD2, 0x4B, 0x69, 0x85, 0xCD, 0x86, 0xBD, 0x2D, 0x4E, 0xF2, 0x89,
0x1F, 0x1C, 0x53, 0x41, 0x2B, 0x49, 0x35, 0x76, 0xC3, 0x24, 0x27, 0x5E, 0xA3, 0x14, 0xAF, 0x60, 0x45, 0xE3, 0x12, 0x26, 0xCF,
0xA0, 0x26, 0x34, 0x84, 0xAF, 0x2A, 0x57, 0x32, 0x72, 0x78, 0xDC, 0x23, 0xE6, 0xE4, 0xAC, 0x07, 0xF2, 0xB4, 0x43, 0x40, 0xD4,
0x83, 0xB5, 0x44, 0x5F, 0x19, 0x4B, 0x36, 0x8C, 0xE7, 0x8B, 0x9C, 0xAF, 0x4A, 0x14, 0x19, 0x12, 0x47, 0x06, 0x43, 0xA5, 0x39,
0x87, 0x1F, 0x67, 0x87, 0xD8, 0x03, 0xEC, 0x7A, 0x39, 0x08, 0x64, 0x7D, 0x0E, 0x08, 0xC5, 0xD1, 0x02, 0xBE, 0x43, 0x4B, 0xC8,
0xDD, 0x47, 0xC9, 0x0C, 0x8E, 0xAB, 0x39, 0xBC, 0x48, 0xC6, 0x63, 0xA3, 0x3D, 0x65, 0x7C, 0xC8, 0x21, 0xEC, 0x47, 0x13, 0xBF,
0x37, 0x8E, 0x82, 0x73, 0x42, 0x19, 0x37, 0x9D, 0x4E, 0x38, 0x31, 0x52, 0xF6, 0x4D, 0x7E, 0x01, 0xE1, 0x22, 0x1C, 0x2F, 0x85,
0x8C, 0xC4, 0x5F, 0x3B, 0xB8, 0x90, 0xA4, 0x3E, 0xED, 0xDF, 0x0F, 0x67, 0x13, 0xA6, 0xD0, 0xE8, 0x87, 0x29, 0xBC, 0x71, 0x41,
0xB8, 0x99, 0x17, 0x63, 0x9B, 0x05, 0xBD, 0x4D, 0xE8, 0x6D, 0x04, 0x87, 0x6E, 0x67, 0x9F, 0x60, 0x0D, 0x1B, 0x52, 0xAF, 0x8C,
0x1E, 0x64, 0xE7, 0x05, 0x7A, 0x36, 0xBE, 0x0C, 0xF4, 0xD0, 0x3E, 0x29, 0xE8, 0xC9, 0xE1, 0x4D, 0x1D, 0x7A, 0xB0, 0xC6, 0x67,
0x41, 0x0F, 0x6C, 0x52, 0x05, 0x76, 0x36, 0xBF, 0x0C, 0xEC, 0x60, 0x97, 0x14, 0xE4, 0xC0, 0x1E, 0x5B, 0x87, 0x1B, 0x28, 0x6F,
0x5D, 0x8E, 0x06, 0x6F, 0x60, 0xCF, 0xAB, 0x18, 0x43, 0x9C, 0x1E, 0x03, 0xF3, 0x1B, 0x4D, 0x0F, 0x93, 0xF3, 0x8A, 0x8D, 0xBD,
0x11, 0xB3, 0x60, 0xE3, 0xC9, 0x28, 0xA8, 0xE7, 0x80, 0x7D, 0x67, 0xFF, 0x38, 0xF7, 0x70, 0x2F, 0xB7, 0xF6, 0x95, 0x4D, 0x22,
0x36, 0x2F, 0xD5, 0xE0, 0x93, 0x8A, 0xE2, 0x93, 0x43, 0xA0, 0xFD, 0x51, 0x30, 0x4D, 0x22, 0x10, 0x1A, 0xF7, 0x9C, 0x13, 0xF8,
0x80, 0x5A, 0x10, 0x92, 0x31, 0x98, 0x74, 0x7E, 0x1D, 0xA5, 0x17, 0xFC, 0x7C, 0x49, 0x0A, 0xED, 0x9F, 0x73, 0x29, 0x5C, 0x1C,
0x79, 0x11, 0xCC, 0xEC, 0xE4, 0x5A, 0x90, 0x31, 0x62, 0xB0, 0x38, 0x1E, 0x9C, 0xFD, 0x17, 0x71, 0x04, 0x72, 0xED, 0x14, 0xCE,
0xBD, 0x59, 0x90, 0xA2, 0x02, 0x30, 0x23, 0xBC, 0x08, 0xF1, 0xF2, 0x4A, 0x0E, 0xAB, 0xF5, 0x02, 0xC9, 0x6C, 0x77, 0xE2, 0xCD,
0x99, 0xC2, 0xC0, 0x20, 0x57, 0xA9, 0x06, 0x96, 0xDC, 0xD9, 0xD8, 0xB5, 0x88, 0x12, 0x25, 0xF6, 0xB5, 0x2E, 0x56, 0xCF, 0xC0,
0xB1, 0x84, 0x78, 0x02, 0xF2, 0x03, 0x6C, 0x98, 0x70, 0xE8, 0x1C, 0x46, 0x5E, 0xCC, 0xE4, 0x09, 0x80, 0x53, 0x8C, 0xCA, 0xD1,
0x1B, 0x24, 0x2B, 0x66, 0x4A, 0x15, 0xE3, 0xA9, 0x3E, 0xC6, 0x18, 0x98, 0x21, 0x48, 0x9A, 0x83, 0xED, 0x65, 0xD3, 0x14, 0x4E,
0xC4, 0x16, 0x29, 0xB1, 0x94, 0x13, 0xE9, 0xA0, 0x71, 0xB7, 0x7F, 0x1C, 0x46, 0x74, 0x19, 0x32, 0x4E, 0xA1, 0xBC, 0xD2, 0x16,
0x7B, 0xB1, 0xC8, 0x35, 0x49, 0x92, 0x49, 0x0D, 0x55, 0x72, 0xA0, 0x29, 0xF8, 0x56, 0x0B, 0xD5, 0x80, 0xE9, 0x1C, 0x51, 0xC3,
0x3A, 0x20, 0xD3, 0x9E, 0xA4, 0xAD, 0xB1, 0xCF, 0x77, 0x3D, 0x05, 0xAA, 0x80, 0x65, 0x0A, 0x84, 0xC5, 0x94, 0x05, 0x44, 0x7C,
0xCF, 0x6A, 0x79, 0xAD, 0xD9, 0x45, 0x95, 0x50, 0x66, 0xDE, 0x79, 0x14, 0xC4, 0x93, 0x7C, 0x0A, 0x2C, 0xF5, 0x96, 0x31, 0xF9,
0x0A, 0x19, 0x3D, 0xA2, 0x2C, 0x11, 0x38, 0xEE, 0xCC, 0x03, 0x72, 0x81, 0xB3, 0x02, 0x08, 0xA1, 0x7E, 0xD1, 0x0D, 0x12, 0x2F,
0x66, 0xC3, 0x20, 0xCD, 0x90, 0xC0, 0x14, 0xD2, 0xB2, 0x2E, 0x75, 0xE7, 0x32, 0xEC, 0x8F, 0xAD, 0xF2, 0x27, 0x31, 0x6C, 0x01,
0xA1, 0x7F, 0x92, 0x7C, 0x0C, 0x62, 0xEB, 0x3A, 0xB7, 0x9D, 0xC8, 0x78, 0x17, 0xBC, 0x28, 0x00, 0xB9, 0x8D, 0xFE, 0xCB, 0x0F,
0xCA, 0x35, 0xCC, 0x9F, 0xB1, 0x16, 0x26, 0x0C, 0xD1, 0x2A, 0xC6, 0x04, 0x66, 0xA7, 0x13, 0x72, 0x3E, 0x8B, 0xE2, 0x8C, 0x99,
0x41, 0x76, 0xFA, 0xFD, 0xB3, 0xB3, 0x33, 0xF7, 0x6C, 0xCB, 0x4D, 0xD2, 0x49, 0x7F, 0x73, 0x30, 0x18, 0xF4, 0xA1, 0x84, 0xC3,
0xED, 0x06, 0x88, 0x5F, 0xC2, 0x0E, 0x92, 0xEC, 0xF7, 0x38, 0x8C, 0x22, 0xA0, 0xDE, 0x45, 0x8A, 0x0A, 0x83, 0x23, 0x3C, 0x5B,
0x97, 0xE4, 0x1B, 0x92, 0x61, 0x08, 0xC7, 0x17, 0x78, 0x9C, 0xD1, 0xB5, 0xDB, 0xCB, 0xE1, 0xBC, 0x11, 0xC3, 0x19, 0xA7, 0x87,
0xB5, 0x88, 0xB4, 0x62, 0x7A, 0x03, 0xC2, 0xB6, 0x18, 0xB4, 0x7A, 0x00, 0xF9, 0x81, 0x5C, 0x45, 0x06, 0x64, 0xE3, 0x36, 0xFC,
0x4F, 0x74, 0x1E, 0xB6, 0x27, 0xF9, 0xC0, 0xB2, 0xE7, 0xBC, 0xF1, 0xD2, 0x18, 0xCF, 0xD3, 0x96, 0xA5, 0x36, 0xF7, 0xF2, 0x29,
0x01, 0x3C, 0x3F, 0xBB, 0xEB, 0xDE, 0xBB, 0xBB, 0x49, 0x36, 0xDC, 0xED, 0xDB, 0xB7, 0xBD, 0x0D, 0x77, 0x63, 0x8B, 0xD0, 0x7F,
0x10, 0xF6, 0xA0, 0xB7, 0xE1, 0xDE, 0xBB, 0x4D, 0x06, 0x4F, 0xDD, 0x8D, 0xDB, 0xDB, 0x64, 0x63, 0xCB, 0xDD, 0xDC, 0xDA, 0x1A,
0xF5, 0xDC, 0x5B, 0xDB, 0x77, 0xDC, 0x3B, 0x77, 0xEE, 0xBA, 0x83, 0x7B, 0x1B, 0x50, 0xF6, 0xCE, 0xED, 0x3B, 0x00, 0x80, 0xFD,
0x98, 0x42, 0x99, 0x3B, 0x1B, 0x5B, 0x23, 0xF7, 0xEE, 0xDD, 0x7B, 0xD8, 0x37, 0xF7, 0xD6, 0xD6, 0xDD, 0x9E, 0x7B, 0xEF, 0x1E,
0x14, 0xE8, 0xD1, 0x02, 0x4F, 0xA5, 0xC6, 0x7E, 0x7B, 0x76, 0x97, 0x6C, 0x8F, 0xDC, 0xED, 0xAD, 0x6D, 0x28, 0xEA, 0xDE, 0xDB,
0xBE, 0xE5, 0xDE, 0xBA, 0xBD, 0xE9, 0x42, 0xD9, 0x7B, 0xDB, 0x51, 0xCF, 0x85, 0xB7, 0x5B, 0xEE, 0xF6, 0xE0, 0x8E, 0xE7, 0x6E,
0x6F, 0x6F, 0xE2, 0xFF, 0x69, 0x8F, 0x36, 0x00, 0xCC, 0x06, 0x74, 0xE8, 0x0E, 0xFC, 0xBB, 0x8D, 0x25, 0x0F, 0xDC, 0x7B, 0x83,
0x6D, 0xFC, 0x3F, 0xFB, 0x4C, 0x00, 0xE4, 0x6F, 0x33, 0x77, 0x30, 0xD8, 0x24, 0x30, 0x18, 0x78, 0xC6, 0x77, 0xF8, 0xEF, 0x26,
0xFF, 0x8B, 0xCF, 0x83, 0xDE, 0xE6, 0x6F, 0x4E, 0xDF, 0x60, 0x05, 0x30, 0x83, 0x16, 0xD6, 0x65, 0x20, 0xEE, 0xA7, 0x64, 0x41,
0x66, 0x20, 0x2D, 0x10, 0x46, 0x3B, 0x1E, 0xA1, 0x44, 0x4A, 0x9E, 0xD3, 0xD9, 0xF3, 0x22, 0x2A, 0x33, 0xE2, 0xD2, 0x60, 0x87,
0x7F, 0x38, 0xB6, 0xD2, 0x23, 0x57, 0x8E, 0x44, 0x0C, 0xFF, 0x92, 0x05, 0x2C, 0x68, 0x5D, 0x2F, 0x80, 0xF2, 0x85, 0x4B, 0x9E,
0x79, 0xB1, 0x37, 0x09, 0xC8, 0x32, 0x59, 0xA4, 0xB4, 0x0A, 0x1E, 0xDC, 0x08, 0x9C, 0x61, 0xF4, 0x73, 0x9C, 0x42, 0xE2, 0x54,
0xBB, 0xE8, 0xEC, 0x4F, 0x83, 0x34, 0xC0, 0xE3, 0x89, 0xBB, 0x2E, 0x7F, 0x6B, 0xBA, 0xE7, 0xE6, 0xE3, 0xE8, 0xB3, 0x08, 0x20,
0x27, 0xE3, 0xA7, 0xCE, 0xFE, 0x6B, 0x38, 0xBA, 0xA7, 0x4C, 0x79, 0x45, 0xD6, 0x95, 0x47, 0x10, 0x40, 0x03, 0x91, 0x64, 0x21,
0x35, 0xA1, 0x88, 0x27, 0x2A, 0xC2, 0x56, 0xCA, 0x2A, 0x55, 0x7A, 0x9B, 0xA7, 0x20, 0x68, 0x4A, 0x1B, 0x83, 0xC0, 0x5F, 0x8E,
0xEB, 0x75, 0x25, 0xB6, 0x56, 0xE2, 0x0B, 0x05, 0xF1, 0xB2, 0x05, 0x67, 0x9F, 0xFD, 0x25, 0xC3, 0x25, 0xC1, 0xB7, 0x15, 0xDB,
0x02, 0x57, 0xD8, 0xD3, 0x0E, 0xAA, 0xF5, 0x95, 0x76, 0x58, 0x31, 0x6A, 0x7E, 0xA5, 0xBF, 0xAC, 0xE4, 0x52, 0x35, 0xEC, 0x87,
0x61, 0x0A, 0x55, 0x00, 0x99, 0x9F, 0x77, 0xEC, 0x5A, 0x33, 0x32, 0x02, 0x8A, 0x4F, 0xCD, 0xB0, 0xA0, 0x43, 0xB2, 0xA2, 0xC2,
0xE0, 0x95, 0xC9, 0x9C, 0x12, 0x0C, 0x3F, 0x91, 0x38, 0xFB, 0x07, 0x31, 0x9C, 0x25, 0xCA, 0x86, 0xD9, 0xE7, 0x55, 0xD5, 0xC2,
0x78, 0x88, 0xE4, 0xE7, 0xEC, 0x3F, 0x61, 0x3F, 0x9A, 0xD6, 0x83, 0x63, 0x0C, 0xAF, 0xF8, 0x82, 0xFF, 0xAA, 0xA8, 0x59, 0x3B,
0x83, 0xEB, 0x2E, 0x78, 0x38, 0xDE, 0x1C, 0xE4, 0xA3, 0xE4, 0x5A, 0x96, 0x3B, 0x87, 0xC5, 0x94, 0x8F, 0xC7, 0x20, 0x26, 0x91,
0x83, 0x93, 0xA3, 0x17, 0x20, 0x60, 0xD4, 0xA8, 0x2C, 0x3E, 0xAB, 0x40, 0x2D, 0x3A, 0x54, 0xCD, 0x38, 0x98, 0x08, 0x84, 0x9C,
0xA3, 0xE8, 0x2A, 0xF1, 0x80, 0x77, 0xCC, 0x81, 0x5F, 0x67, 0xE4, 0x34, 0x48, 0xE1, 0xB0, 0x68, 0x97, 0x77, 0x4C, 0xB1, 0xFA,
0xF7, 0x95, 0x9B, 0x59, 0xDF, 0xD8, 0xF0, 0xB8, 0x97, 0x84, 0xF4, 0xA6, 0xA1, 0xD4, 0x0C, 0xD4, 0x9D, 0xA1, 0x89, 0xC7, 0xDF,
0xFF, 0x91, 0x56, 0xBE, 0xAA, 0xFC, 0x2C, 0x23, 0x8A, 0x61, 0x5B, 0x9A, 0x86, 0xA7, 0x49, 0x3C, 0x61, 0x87, 0xD1, 0x5A, 0x76,
0x03, 0xA5, 0x2D, 0x5C, 0x06, 0x08, 0x96, 0x5C, 0x17, 0xAB, 0x29, 0x5A, 0x30, 0x65, 0x70, 0xA4, 0x5C, 0x71, 0x72, 0x5A, 0x29,
0x86, 0x97, 0x70, 0xAE, 0x57, 0x02, 0xE7, 0x1D, 0xB8, 0x0E, 0x01, 0xBC, 0x0A, 0xC3, 0x38, 0x1F, 0xDF, 0x87, 0x59, 0x9E, 0xA4,
0xCB, 0xCF, 0x86, 0x63, 0xA9, 0x0D, 0x74, 0x8F, 0x40, 0x35, 0x2B, 0x0A, 0xE2, 0x80, 0x70, 0x4A, 0xA9, 0x21, 0x8C, 0xB4, 0x58,
0x74, 0x55, 0xC8, 0x5E, 0x9B, 0x45, 0x34, 0x64, 0x12, 0xEA, 0x8E, 0x61, 0xE9, 0x6C, 0xA3, 0x0D, 0xA3, 0x82, 0x17, 0x57, 0x2D,
0xF5, 0xF5, 0x16, 0xBB, 0xE5, 0x98, 0x5C, 0xCC, 0x98, 0x74, 0x4E, 0xD6, 0x67, 0xB1, 0xD9, 0x41, 0xD9, 0x6C, 0x8C, 0x10, 0x0E,
0xA9, 0x82, 0x07, 0x54, 0x70, 0xAF, 0x4A, 0xCE, 0x50, 0xC5, 0x1B, 0x90, 0x5C, 0xBD, 0x10, 0x3D, 0x32, 0x80, 0xD4, 0x6E, 0x91,
0xF9, 0x79, 0x6F, 0x60, 0x65, 0xF3, 0xBC, 0x78, 0x8A, 0x32, 0x1C, 0xA1, 0xFF, 0xF6, 0x36, 0xCE, 0x37, 0x6C, 0xEC, 0x7E, 0x9C,
0xA2, 0x1A, 0x84, 0xCF, 0x63, 0x1E, 0xCE, 0x82, 0xEC, 0x99, 0x37, 0x77, 0x54, 0x67, 0x36, 0xF1, 0x85, 0x1E, 0xE4, 0x66, 0xF8,
0x99, 0x3A, 0x36, 0xED, 0x39, 0xB8, 0xE0, 0x4F, 0xF0, 0x0B, 0xC1, 0x4A, 0x26, 0x5A, 0x60, 0xB9, 0x25, 0x67, 0x7B, 0xCE, 0x24,
0x80, 0xE3, 0xDC, 0x88, 0xAB, 0x8E, 0xEE, 0xF7, 0x59, 0x9B, 0x97, 0xC6, 0x45, 0xCD, 0x78, 0x4B, 0xD6, 0x09, 0xC2, 0x0F, 0x6C,
0x44, 0x43, 0x64, 0x48, 0xCA, 0x56, 0x9A, 0x11, 0x2F, 0x2F, 0xCF, 0x0B, 0xD6, 0x01, 0x32, 0xB1, 0xD9, 0x32, 0x9A, 0xDC, 0x4B,
0x27, 0xE8, 0x67, 0xF7, 0x4F, 0xCA, 0x4F, 0x9C, 0x7D, 0xB9, 0x16, 0x3D, 0x57, 0x90, 0x13, 0x6F, 0x0E, 0xC0, 0xCD, 0x9A, 0x6A,
0x6B, 0x93, 0x30, 0x9F, 0x2E, 0x86, 0xD4, 0x23, 0x70, 0xE2, 0xF9, 0xC1, 0xA8, 0xB7, 0xF8, 0xD8, 0xF7, 0x8B, 0x83, 0x4E, 0x8F,
0xAA, 0x7A, 0xFB, 0x7F, 0x01, 0xE8, 0x3D, 0xEC, 0x7B, 0xCF, 0x83, 0xC5, 0xD5, 0xA3, 0x7D, 0x77, 0x8C, 0x2E, 0x88, 0x23, 0x0D,
0xB2, 0x0D, 0xBD, 0xD9, 0xF1, 0x02, 0x8E, 0xC6, 0x61, 0x9C, 0xE5, 0xE9, 0x82, 0x8A, 0x60, 0x99, 0x7B, 0x7D, 0x27, 0x1D, 0x61,
0x67, 0x3F, 0xA0, 0x90, 0x99, 0xA1, 0x2F, 0x73, 0x74, 0x4B, 0x37, 0xD5, 0xF5, 0x6C, 0xDB, 0x8D, 0xC2, 0xEB, 0x89, 0x2E, 0xD2,
0x5A, 0x86, 0xE5, 0x79, 0xE0, 0xFB, 0x27, 0xC9, 0x31, 0xEF, 0x82, 0xA9, 0xE5, 0x9A, 0xA7, 0xE1, 0xCC, 0xB2, 0x5B, 0xEB, 0x5C,
0x0D, 0xA0, 0xE0, 0x59, 0xB3, 0x80, 0x53, 0xB5, 0x7D, 0x5B, 0xDA, 0x3E, 0xF2, 0xE0, 0x90, 0x94, 0x05, 0xD1, 0x15, 0x9B, 0x16,
0x60, 0xAC, 0x2D, 0xAF, 0x37, 0x35, 0x92, 0xD3, 0x88, 0x86, 0xEC, 0xD2, 0x8A, 0x1B, 0x7B, 0xA7, 0x44, 0x78, 0x03, 0xD9, 0xD4,
0x72, 0x9B, 0x03, 0xCD, 0x0D, 0x6A, 0x08, 0x1B, 0xED, 0x2E, 0x9B, 0x70, 0x90, 0xA5, 0x4F, 0x68, 0x35, 0xA6, 0x43, 0x01, 0x10,
0x11, 0xDD, 0x95, 0xF4, 0x6D, 0x2D, 0x94, 0x1A, 0xE3, 0x86, 0x44, 0x56, 0x03, 0x65, 0x42, 0xD8, 0xBF, 0x38, 0x13, 0xA8, 0x92,
0xCD, 0xA4, 0xCA, 0xD4, 0xFB, 0x88, 0x79, 0x04, 0x15, 0x5D, 0x40, 0x2A, 0xC6, 0xEE, 0x9B, 0xA6, 0x6E, 0xF5, 0x25, 0x5F, 0x25,
0x7F, 0xE1, 0x55, 0xA0, 0xE7, 0xB6, 0xE5, 0xAC, 0x4C, 0x51, 0x31, 0x2E, 0xAE, 0x1B, 0xE2, 0x82, 0x41, 0x56, 0xB4, 0x7B, 0x52,
0x7C, 0x62, 0x9B, 0x16, 0xDA, 0xD1, 0x61, 0x69, 0xC1, 0xD6, 0xFE, 0x82, 0x15, 0xA8, 0x14, 0xFF, 0x4C, 0x63, 0xE8, 0x35, 0xA3,
0x49, 0x5D, 0x93, 0xEB, 0x20, 0x48, 0xF2, 0x97, 0xD1, 0x68, 0xD6, 0xC4, 0x57, 0x35, 0x86, 0x14, 0x28, 0x1A, 0x8A, 0xB8, 0xAB,
0x81, 0x58, 0x65, 0x7F, 0x34, 0x92, 0x3C, 0xFF, 0xD4, 0x8B, 0x47, 0x81, 0xBF, 0x0E, 0x92, 0x44, 0x9D, 0xAB, 0x21, 0x49, 0x81,
0x62, 0x47, 0xD2, 0x01, 0x2F, 0xD2, 0x14, 0x49, 0xDC, 0xA8, 0x5E, 0x25, 0x2C, 0x48, 0xBE, 0x70, 0x56, 0xD6, 0xBC, 0x59, 0x79,
0x4A, 0x94, 0x00, 0xCC, 0xBD, 0x38, 0x20, 0x63, 0xD8, 0xA6, 0x98, 0xA0, 0x6F, 0x59, 0x90, 0x74, 0x40, 0xC5, 0xB8, 0xB1, 0x7C,
0x64, 0x71, 0x08, 0x91, 0x57, 0xAF, 0x5D, 0xB2, 0x93, 0x37, 0x19, 0x9B, 0x3C, 0xB7, 0x42, 0x64, 0xA6, 0x6E, 0x35, 0x71, 0x80,
0x1E, 0xFF, 0x87, 0xC5, 0x6F, 0xBB, 0x60, 0x6C, 0x31, 0xBE, 0xC6, 0x13, 0x18, 0xD4, 0x0C, 0x83, 0x15, 0x36, 0xE8, 0x19, 0x04,
0x4E, 0x1F, 0xDB, 0xDB, 0x85, 0x79, 0x75, 0x7B, 0xA0, 0x8A, 0xB4, 0xBC, 0x3C, 0xDD, 0x12, 0xA4, 0x76, 0x2D, 0xAD, 0xD8, 0x85,
0x93, 0x23, 0x4E, 0x15, 0xF4, 0xEC, 0xCC, 0xB7, 0x40, 0x52, 0x42, 0x72, 0xC9, 0xD3, 0xE4, 0x0C, 0xA4, 0xFC, 0x78, 0x42, 0xC2,
0x9C, 0xA4, 0xB0, 0x70, 0xD0, 0xC0, 0x36, 0xC7, 0x77, 0x54, 0x35, 0x8A, 0x67, 0xEC, 0x6C, 0x94, 0x06, 0x41, 0x4C, 0xCE, 0x40,
0x58, 0x71, 0x2B, 0xC4, 0x65, 0x8B, 0xFC, 0x64, 0x08, 0x88, 0x30, 0xA5, 0x13, 0x3C, 0xB8, 0x14, 0x3B, 0xFB, 0x68, 0xE9, 0x3F,
0x64, 0x1D, 0x3A, 0x36, 0x5C, 0xC8, 0xAA, 0x64, 0xD2, 0xA8, 0x97, 0xCD, 0x7A, 0xB7, 0x6D, 0xE5, 0x56, 0x4E, 0x1B, 0x1F, 0x3C,
0xD3, 0xF7, 0xEF, 0xF3, 0x96, 0x09, 0xBA, 0xD6, 0x2D, 0xD2, 0xEA, 0xC9, 0x2B, 0x0F, 0x20, 0x96, 0x83, 0x06, 0x1D, 0x86, 0x0A,
0xD7, 0x06, 0xC1, 0x50, 0x21, 0x0D, 0xB8, 0x2F, 0x9A, 0x87, 0xE7, 0xC6, 0x4A, 0xBD, 0x93, 0xB5, 0x2A, 0x48, 0xD6, 0x6F, 0xD0,
0x3F, 0x79, 0xBD, 0x5A, 0x9B, 0xCE, 0xFE, 0x4F, 0x01, 0x4A, 0xC8, 0xEB, 0x55, 0x83, 0xD5, 0xF1, 0x1D, 0xCE, 0xFD, 0x7A, 0xB5,
0x6E, 0xC1, 0x3E, 0x45, 0xC9, 0x76, 0xBD, 0x6A, 0xDB, 0x40, 0xAC, 0x4B, 0xAF, 0xBE, 0xAD, 0xCA, 0x63, 0x5C, 0xD5, 0x41, 0xEE,
0xFA, 0xE9, 0xE7, 0x18, 0x83, 0x52, 0xA0, 0xAB, 0x3F, 0x3D, 0x24, 0xF0, 0x94, 0x2C, 0xF2, 0x6B, 0xA0, 0x1D, 0x0E, 0xB3, 0x29,
0xED, 0x3C, 0xA7, 0x1E, 0x93, 0x64, 0x6B, 0x70, 0x8B, 0x9C, 0x93, 0x8D, 0xAD, 0xDB, 0x9F, 0x13, 0x65, 0x32, 0x2B, 0xA1, 0x11,
0x13, 0x70, 0xAC, 0x49, 0x03, 0xD4, 0xBB, 0xA1, 0xD9, 0x2B, 0xF0, 0x49, 0x38, 0xA3, 0x0E, 0xBF, 0x79, 0x10, 0x2D, 0x19, 0xB7,
0xF0, 0x4E, 0xE1, 0xED, 0x19, 0x1C, 0x3C, 0x28, 0xCB, 0x81, 0xFD, 0x33, 0x27, 0xC9, 0x98, 0xFE, 0xA6, 0xC7, 0x0D, 0x22, 0xFC,
0x45, 0xAF, 0xC0, 0x4B, 0x2A, 0x19, 0xF7, 0x34, 0x2D, 0x8A, 0x2C, 0x7B, 0x03, 0x92, 0xCC, 0xBD, 0x51, 0x98, 0x2F, 0x7B, 0x1B,
0x83, 0x55, 0x9C, 0x65, 0xBE, 0xB4, 0x43, 0xD4, 0x5C, 0x2F, 0x99, 0xC9, 0x52, 0x77, 0x4E, 0x19, 0x06, 0xF9, 0x19, 0x72, 0x48,
0xD3, 0x94, 0x59, 0x39, 0xA7, 0x76, 0xC4, 0x57, 0xD2, 0xA1, 0xEC, 0xAC, 0xEF, 0x33, 0x1F, 0x7F, 0x61, 0xBA, 0x81, 0xAD, 0xF2,
0x21, 0x60, 0x1F, 0xE4, 0x1E, 0xAE, 0x1D, 0x43, 0xA9, 0x22, 0x20, 0x40, 0x30, 0x8C, 0x6F, 0xD7, 0x91, 0x67, 0x35, 0x09, 0x58,
0xC9, 0x60, 0x24, 0x1C, 0x21, 0x81, 0x88, 0x61, 0x82, 0x47, 0x53, 0x64, 0xE6, 0x03, 0xA7, 0x7A, 0x20, 0x6C, 0xE3, 0x33, 0x07,
0x42, 0xDF, 0x0B, 0x01, 0x87, 0xBE, 0x1A, 0xA2, 0x0E, 0x91, 0x8A, 0x96, 0x62, 0x3C, 0x7C, 0x9F, 0x67, 0x0D, 0x39, 0x6B, 0x77,
0xBF, 0x92, 0xB6, 0x2B, 0xC8, 0xEB, 0x3F, 0x92, 0x78, 0x02, 0x1A, 0x37, 0xF0, 0x26, 0xF0, 0x80, 0x6C, 0x52, 0x4E, 0x41, 0xDC,
0x2C, 0x8E, 0xDB, 0x3D, 0xBE, 0x45, 0x25, 0x06, 0x37, 0xD0, 0xF5, 0x85, 0x8E, 0xE3, 0x2B, 0x23, 0x29, 0x75, 0x94, 0xBF, 0x3F,
0x5D, 0x09, 0x75, 0x2E, 0x30, 0xE9, 0x43, 0x90, 0xA9, 0xB2, 0x46, 0x6A, 0xDB, 0xCB, 0xD0, 0x64, 0x53, 0xAA, 0xFC, 0x4C, 0x74,
0xB9, 0x82, 0x32, 0x2F, 0x45, 0x9B, 0x0C, 0x61, 0xFB, 0x4F, 0xE2, 0x51, 0xB4, 0x80, 0x83, 0x01, 0x52, 0x60, 0x1A, 0x50, 0xD5,
0x3C, 0x86, 0x12, 0xAE, 0x30, 0x01, 0x34, 0xA3, 0xC9, 0x6B, 0xA0, 0xCA, 0xAB, 0xD0, 0x25, 0x27, 0x89, 0x26, 0x54, 0xB9, 0x62,
0x6D, 0x7D, 0x26, 0x9A, 0x45, 0xAE, 0x70, 0xCC, 0xF0, 0xFC, 0x2C, 0x9B, 0xFC, 0x8E, 0xD4, 0xBB, 0xF9, 0x15, 0x53, 0x6F, 0xA6,
0x21, 0x8D, 0xF1, 0x56, 0xE1, 0xE9, 0x30, 0x83, 0x93, 0x97, 0x37, 0x59, 0x4D, 0xB6, 0xEA, 0x50, 0xB3, 0x19, 0xFA, 0x0B, 0xD2,
0x38, 0x19, 0x1A, 0x5E, 0x59, 0x5A, 0x0E, 0xC4, 0x69, 0x26, 0x2B, 0x5A, 0xF8, 0xC6, 0x9B, 0xCD, 0x77, 0x0B, 0x03, 0x15, 0x0B,
0x65, 0x96, 0x9A, 0xAD, 0x5D, 0x0D, 0x5F, 0xE2, 0x5A, 0xD1, 0xF1, 0xF9, 0x85, 0xAF, 0x97, 0x97, 0xDC, 0x37, 0xEF, 0x4F, 0x56,
0xDF, 0x74, 0xB1, 0x14, 0x18, 0x63, 0x2B, 0xC5, 0x70, 0x6E, 0x6C, 0x87, 0x63, 0xE2, 0x9D, 0xC2, 0xA1, 0x19, 0x79, 0x66, 0xE7,
0xAB, 0xE4, 0xF7, 0xCA, 0x30, 0xBF, 0x70, 0x02, 0x7E, 0x91, 0xFA, 0x61, 0xEC, 0x45, 0x7F, 0x72, 0xFB, 0xC6, 0x04, 0x5C, 0x60,
0x8C, 0xB3, 0x7A, 0xCE, 0x7A, 0x13, 0xF6, 0x5A, 0xD0, 0xF1, 0xF5, 0x73, 0xFC, 0xCD, 0xD8, 0xEF, 0x92, 0xAD, 0x14, 0xFE, 0xB9,
0x05, 0x47, 0xEE, 0x20, 0x1F, 0xB9, 0x24, 0x86, 0x0A, 0x68, 0xF4, 0x11, 0x7D, 0x40, 0xD3, 0xE1, 0x57, 0xCA, 0xF3, 0x4B, 0x3A,
0xFC, 0xB2, 0xD7, 0xCB, 0x53, 0x2F, 0xCB, 0x8F, 0x83, 0x0A, 0xBF, 0xE8, 0x3F, 0xD7, 0x8B, 0x65, 0xBD, 0x14, 0x18, 0x53, 0xD7,
0x0B, 0xD4, 0x47, 0xB1, 0x1E, 0x3A, 0x27, 0xEC, 0xF8, 0xD7, 0xB6, 0x64, 0x0E, 0x7C, 0x3F, 0x63, 0xF0, 0xE1, 0x08, 0x91, 0xA4,
0xE8, 0xC1, 0x23, 0xDA, 0xC0, 0xD5, 0x82, 0xAA, 0x93, 0xA3, 0x22, 0xB2, 0x84, 0xA0, 0xD1, 0xF1, 0x2B, 0x5D, 0x34, 0x25, 0x31,
0x7E, 0xD9, 0x8B, 0x06, 0xE3, 0xD5, 0x9E, 0x0A, 0x6F, 0x8D, 0x3F, 0x17, 0x4E, 0xC3, 0x85, 0xA3, 0x60, 0x4D, 0x5D, 0x3C, 0x42,
0x77, 0x73, 0xED, 0x4B, 0xA7, 0xD8, 0x6D, 0x70, 0x91, 0x14, 0x8B, 0x86, 0xAB, 0x75, 0xB9, 0x27, 0x02, 0x41, 0x7F, 0x5E, 0xD1,
0x95, 0xAF, 0x74, 0xE5, 0xA8, 0x14, 0xF9, 0x65, 0xAF, 0x9E, 0xC7, 0x8B, 0x28, 0xE2, 0xFC, 0xEA, 0xCF, 0x63, 0x46, 0xD5, 0xE2,
0x91, 0xB3, 0xE2, 0x48, 0x6B, 0x48, 0xC6, 0xDD, 0xFE, 0x1B, 0x2F, 0xCC, 0xA9, 0xCB, 0xA6, 0xC6, 0xFD, 0x71, 0x53, 0x10, 0x61,
0xAE, 0x0D, 0x56, 0x52, 0xA8, 0xC6, 0x10, 0x85, 0xF1, 0x38, 0xE9, 0x8D, 0xC2, 0x74, 0x14, 0x05, 0x04, 0x06, 0xBA, 0x61, 0x71,
0x01, 0x48, 0x92, 0x28, 0x0F, 0xE7, 0xE5, 0x87, 0x42, 0xAF, 0xB5, 0xE7, 0x50, 0x03, 0xAD, 0x53, 0xDD, 0x1A, 0x11, 0x7E, 0x71,
0xD8, 0xF9, 0x8C, 0xF6, 0x5E, 0xDB, 0xBF, 0x8A, 0x0D, 0x55, 0x1B, 0x09, 0x9A, 0x05, 0x12, 0x56, 0x6A, 0x18, 0x40, 0xBD, 0x80,
0xD0, 0x4C, 0x58, 0xF8, 0x2C, 0x2F, 0xE6, 0x42, 0x7E, 0x8D, 0x4B, 0xD3, 0x8D, 0x4B, 0x1E, 0x51, 0x95, 0x15, 0xBC, 0x09, 0x59,
0x9B, 0xC3, 0x45, 0xB6, 0x14, 0x3A, 0x87, 0x8C, 0xC0, 0x11, 0x6D, 0x99, 0x2C, 0xC8, 0x99, 0x17, 0x73, 0xF1, 0x93, 0xC5, 0x7A,
0x50, 0xEF, 0xB0, 0x91, 0x86, 0x5B, 0xEA, 0x22, 0x2B, 0x5A, 0x71, 0x6B, 0x47, 0xCA, 0x69, 0x1B, 0x98, 0x5B, 0x96, 0xA4, 0x3B,
0xF3, 0x24, 0xA4, 0xD9, 0x41, 0xA8, 0x7B, 0xDF, 0xD7, 0xC7, 0x61, 0x94, 0x55, 0xFB, 0xE5, 0x33, 0x98, 0xDF, 0x57, 0xE3, 0xF7,
0x6F, 0xC4, 0x5D, 0x98, 0xD6, 0xAF, 0x60, 0x2D, 0xCF, 0xB8, 0xEA, 0x8D, 0x46, 0xA2, 0x1D, 0x1F, 0x7F, 0x85, 0xAC, 0x45, 0xC8,
0x16, 0x82, 0x31, 0x70, 0x65, 0xA2, 0x18, 0x10, 0x06, 0x64, 0x21, 0x32, 0xC8, 0x38, 0x08, 0xFC, 0x6B, 0xE3, 0x37, 0xAF, 0xB3,
0x00, 0xB8, 0x87, 0x85, 0xD5, 0x50, 0xFB, 0xF2, 0x38, 0x0D, 0x7E, 0x5D, 0x30, 0x4F, 0xF5, 0x02, 0xA6, 0xB0, 0x08, 0xFC, 0x87,
0xB1, 0x94, 0xAF, 0x41, 0x29, 0x7A, 0x84, 0xCB, 0xE4, 0x79, 0x72, 0x2C, 0x02, 0xDE, 0xFF, 0x64, 0x2B, 0xEB, 0xB1, 0x15, 0x1D,
0x7F, 0xFB, 0x38, 0xF1, 0xC2, 0x3B, 0x6B, 0x84, 0x1F, 0x71, 0x07, 0x8E, 0xE1, 0x24, 0x9B, 0x7A, 0x61, 0xDC, 0xD8, 0x36, 0xF6,
0x87, 0xF1, 0x17, 0xE5, 0x50, 0x31, 0x96, 0xC6, 0xF2, 0x1C, 0x70, 0x9E, 0xA4, 0x1F, 0xC9, 0x71, 0xB2, 0xC8, 0xA7, 0x8F, 0xA8,
0x42, 0x00, 0x29, 0xA5, 0x30, 0x6E, 0xC8, 0x63, 0x2D, 0x92, 0x42, 0xA0, 0x57, 0x4A, 0xA1, 0x20, 0x46, 0x31, 0x83, 0x66, 0xBE,
0xE0, 0x7E, 0x8F, 0xA2, 0xAA, 0x4B, 0x38, 0xF6, 0xA8, 0xAB, 0x0A, 0xF2, 0x2D, 0x61, 0x13, 0x61, 0xF5, 0xA3, 0x2C, 0xA1, 0xCE,
0x87, 0x31, 0x42, 0x17, 0x95, 0xFF, 0x83, 0x58, 0x89, 0xB1, 0x44, 0xBF, 0x30, 0x8E, 0xF2, 0x9F, 0xEA, 0xA2, 0xF1, 0x38, 0x4C,
0x67, 0x67, 0x40, 0xA1, 0xCE, 0xFE, 0xC1, 0x22, 0x4F, 0x30, 0x33, 0xC1, 0x88, 0x8C, 0xF9, 0x3B, 0xB2, 0x60, 0x59, 0xC9, 0x80,
0xE6, 0xAB, 0x09, 0x82, 0xE6, 0xCD, 0x5A, 0x7C, 0x9D, 0x9E, 0x1B, 0xC5, 0xE0, 0xBF, 0x2E, 0x97, 0xA0, 0xCD, 0x7F, 0x03, 0x7A,
0x7B, 0x08, 0xFC, 0x14, 0xD5, 0x3F, 0xF8, 0x87, 0x14, 0x33, 0x5E, 0x90, 0x5E, 0x35, 0xBD, 0x2D, 0x44, 0xA6, 0xBC, 0x15, 0x76,
0xBA, 0x66, 0xEA, 0xA7, 0x27, 0x31, 0xD0, 0x2F, 0x7C, 0x2C, 0x28, 0x9D, 0x25, 0x0E, 0x98, 0x85, 0x7E, 0x8C, 0x9B, 0x0D, 0x32,
0x6B, 0xEA, 0xB2, 0x0C, 0x8C, 0x1E, 0x95, 0x5E, 0x97, 0x61, 0x46, 0x5F, 0x04, 0x85, 0x33, 0x74, 0xFF, 0xE9, 0xF9, 0xF6, 0x7B,
0x91, 0xF9, 0x71, 0x14, 0x04, 0x73, 0x67, 0xFF, 0xC5, 0x69, 0x90, 0x32, 0x42, 0xCA, 0xF0, 0x05, 0xCD, 0xFF, 0x41, 0xDA, 0x4C,
0x18, 0x41, 0x77, 0xD6, 0xB4, 0xF3, 0x55, 0xF2, 0x4D, 0x36, 0xBA, 0x3F, 0xCE, 0xDF, 0x8D, 0x22, 0x13, 0x63, 0x36, 0x45, 0x06,
0xC5, 0xB5, 0x44, 0xFE, 0x4B, 0x44, 0x14, 0x9B, 0x35, 0x6B, 0xE2, 0x8A, 0x1B, 0xF9, 0x7C, 0xD3, 0x21, 0x1C, 0xE3, 0xDE, 0xE9,
0xEC, 0x53, 0x74, 0xB2, 0x8D, 0x94, 0x4C, 0x57, 0xC4, 0x0C, 0xC8, 0xBE, 0xDF, 0x05, 0x2A, 0x18, 0x9C, 0x86, 0x01, 0xCB, 0x2B,
0x9D, 0xB7, 0x1B, 0x11, 0xDE, 0x75, 0xA2, 0xE1, 0x11, 0xA6, 0xBC, 0x60, 0x48, 0xC0, 0x44, 0xBE, 0x97, 0x42, 0x01, 0xC2, 0xF8,
0x7D, 0x10, 0x50, 0xF3, 0x45, 0xE2, 0x76, 0xC3, 0xFF, 0x2C, 0x47, 0x1B, 0xBC, 0x43, 0x81, 0xF3, 0xBC, 0x63, 0xC6, 0x7B, 0x92,
0xF1, 0xB8, 0x88, 0x0A, 0xF2, 0x17, 0x34, 0x0E, 0xA8, 0xE4, 0x81, 0x5F, 0xA5, 0x97, 0x4D, 0x39, 0xC6, 0x3F, 0xE4, 0xF0, 0xA2,
0xA9, 0x3D, 0xB0, 0x23, 0xAF, 0xB3, 0xE0, 0x30, 0x9C, 0xD0, 0xA3, 0x55, 0x25, 0xED, 0xAC, 0xA9, 0xE0, 0x68, 0x4E, 0x95, 0x9F,
0x8D, 0x2E, 0x57, 0x52, 0xE6, 0x25, 0x15, 0x1D, 0x06, 0xC6, 0x4C, 0x2D, 0xC7, 0xDA, 0x84, 0xFA, 0xF5, 0x2A, 0x39, 0x8C, 0xA1,
0xBA, 0xE4, 0x79, 0x92, 0x07, 0x3B, 0x64, 0x91, 0x31, 0x0D, 0x6A, 0x98, 0x11, 0x1E, 0x1F, 0x74, 0x86, 0xF9, 0xE9, 0x86, 0x01,
0x89, 0x30, 0x23, 0x4E, 0x30, 0x1E, 0x07, 0xEC, 0x8A, 0x03, 0x2F, 0xA7, 0xC1, 0x3A, 0xD0, 0x6B, 0x0A, 0x88, 0x35, 0x3E, 0x5C,
0xA4, 0xF1, 0xF5, 0xAB, 0x35, 0x56, 0x71, 0x84, 0x6B, 0xE1, 0x09, 0x97, 0x54, 0x6E, 0xE8, 0x64, 0xD5, 0x90, 0x39, 0xAC, 0x64,
0x72, 0x9F, 0x45, 0xF3, 0x51, 0xCF, 0x1E, 0x36, 0x34, 0xF6, 0xB0, 0x4E, 0xFE, 0x8F, 0x86, 0x11, 0xB8, 0x6A, 0x98, 0x77, 0xB3,
0xB0, 0x5B, 0x25, 0x28, 0xFC, 0xB2, 0x01, 0x5C, 0x7F, 0xE0, 0x11, 0xBA, 0xD1, 0x46, 0x4A, 0xC6, 0x67, 0x3D, 0xCC, 0x55, 0xA0,
0x1E, 0x23, 0x8A, 0xFC, 0x10, 0xFB, 0xDC, 0x40, 0x9A, 0x95, 0x99, 0x1E, 0x6A, 0x0F, 0x0E, 0x7F, 0xE0, 0xE1, 0xA0, 0xCC, 0x69,
0xF1, 0xBB, 0x1F, 0x10, 0x2A, 0x53, 0xA7, 0x17, 0x9D, 0x22, 0x98, 0xDB, 0x87, 0xB4, 0x9F, 0xB1, 0x9B, 0xC1, 0xC8, 0x36, 0x26,
0x77, 0x4C, 0xC3, 0x20, 0xAB, 0x39, 0x88, 0x95, 0xC7, 0x0E, 0x01, 0x04, 0x61, 0x1C, 0x89, 0x2C, 0x36, 0x85, 0xD8, 0x89, 0xD6,
0x67, 0x9E, 0x75, 0x9D, 0x51, 0xE1, 0x8A, 0x93, 0xCC, 0x6A, 0x6A, 0x94, 0x16, 0x67, 0x8E, 0x49, 0x41, 0x31, 0x3D, 0xD3, 0x3A,
0x42, 0xE5, 0x97, 0x40, 0xC2, 0x45, 0x9A, 0x11, 0x41, 0xC1, 0xA3, 0x22, 0x61, 0xC8, 0x17, 0x4A, 0xC0, 0x65, 0x62, 0x94, 0x2F,
0x87, 0x7E, 0x45, 0x9F, 0xAE, 0x42, 0xBE, 0x02, 0xF1, 0xAB, 0xA8, 0xB7, 0x24, 0xDC, 0xE6, 0xDC, 0x7F, 0x0D, 0xDE, 0xAF, 0xE4,
0x90, 0x58, 0xC9, 0xFB, 0x95, 0x5C, 0x17, 0xAB, 0x73, 0x2E, 0x68, 0x19, 0x61, 0x8A, 0x1B, 0xC6, 0x9C, 0xAB, 0x2C, 0xC3, 0x2F,
0x4F, 0xE1, 0x64, 0x11, 0x6F, 0x31, 0xB9, 0x0D, 0x5E, 0x0F, 0x58, 0xAC, 0x33, 0x7A, 0x59, 0x20, 0xC9, 0x82, 0x18, 0xC4, 0xAC,
0x95, 0xE7, 0xAD, 0xDF, 0x55, 0x84, 0xE5, 0x02, 0xEC, 0x01, 0xC9, 0xBD, 0x39, 0x61, 0xAB, 0x2B, 0xC8, 0x88, 0xC0, 0x21, 0xE0,
0x74, 0x1C, 0x4E, 0x16, 0xA8, 0x72, 0x9D, 0xD1, 0x64, 0x57, 0xED, 0x24, 0x25, 0x67, 0xDE, 0x47, 0xF8, 0x35, 0x4E, 0x93, 0x99,
0x24, 0xB1, 0x76, 0x5C, 0xF2, 0x84, 0x39, 0x0A, 0x0A, 0xD2, 0x46, 0x9F, 0x81, 0x82, 0x4B, 0x33, 0x6D, 0x1B, 0x88, 0xB1, 0x2C,
0xDF, 0x47, 0x97, 0x78, 0x6A, 0x83, 0xDC, 0x33, 0x97, 0xFA, 0xB4, 0x17, 0x9E, 0x87, 0x52, 0xD0, 0x79, 0x9D, 0x18, 0x7B, 0x29,
0xDB, 0x5C, 0x33, 0x95, 0x34, 0xC8, 0x92, 0x4C, 0xA6, 0x67, 0x57, 0x9A, 0xD2, 0x7C, 0x80, 0x74, 0x2E, 0xB9, 0x84, 0x0D, 0x43,
0x3C, 0x7C, 0xF1, 0xE2, 0x84, 0xB0, 0xF4, 0x2A, 0x5F, 0x95, 0x4E, 0xBA, 0xA0, 0xD1, 0x3F, 0x34, 0x54, 0xF6, 0x38, 0xF7, 0x96,
0x07, 0x48, 0x50, 0x8E, 0x95, 0x75, 0xD4, 0xE4, 0x1D, 0xB7, 0x4B, 0xCD, 0x97, 0xDA, 0x93, 0xAF, 0xB4, 0xF7, 0xB2, 0x37, 0x74,
0x7E, 0xD8, 0xE2, 0x87, 0x7F, 0x46, 0xC1, 0x1B, 0x18, 0x12, 0x2A, 0x45, 0xD1, 0x39, 0xE8, 0x63, 0x20, 0x2F, 0x96, 0xE1, 0x92,
0x73, 0x03, 0x28, 0xB7, 0xB3, 0x62, 0xDF, 0x95, 0x14, 0x6B, 0x2A, 0x54, 0x8B, 0x76, 0x0D, 0x79, 0x03, 0x5E, 0xD9, 0x41, 0xCE,
0xE8, 0x9F, 0x1A, 0x62, 0x51, 0x33, 0x4D, 0xDC, 0x06, 0x3C, 0x6D, 0x60, 0xA6, 0x9A, 0xC5, 0xCA, 0x74, 0x23, 0x66, 0xE6, 0x90,
0x01, 0x54, 0xDE, 0xE6, 0x95, 0xB3, 0x75, 0x6B, 0xDF, 0xC6, 0xDA, 0x1B, 0x83, 0xCB, 0x56, 0xBF, 0x47, 0xAB, 0x5F, 0xBA, 0xF5,
0x8D, 0xBB, 0x58, 0x7F, 0xAB, 0x69, 0xF3, 0xB5, 0x2A, 0xCA, 0xB5, 0x4F, 0x7A, 0xD2, 0x0A, 0xC0, 0x3C, 0xAC, 0x2F, 0x31, 0xBF,
0x2D, 0x3F, 0xB1, 0xFE, 0xE9, 0x20, 0xBF, 0x5A, 0xC3, 0x19, 0xA9, 0x38, 0xDB, 0x47, 0x1C, 0xF2, 0x24, 0xC1, 0xBE, 0xD0, 0xC4,
0x8C, 0x75, 0x85, 0xD2, 0xB5, 0xB9, 0xC9, 0x1F, 0x4F, 0x93, 0x34, 0xA7, 0xDB, 0x17, 0xAC, 0xB6, 0x69, 0xE8, 0x33, 0xFF, 0x57,
0xA6, 0xC9, 0xF1, 0x26, 0x20, 0xC9, 0x7D, 0x85, 0x6E, 0xF1, 0x1A, 0x46, 0xFF, 0xF4, 0x08, 0xF9, 0xA3, 0x4D, 0x97, 0xC0, 0x19,
0x1E, 0x47, 0x20, 0xD3, 0xED, 0xE3, 0xBF, 0x4A, 0x5A, 0x2F, 0x60, 0x5C, 0xDF, 0xF8, 0xC1, 0x64, 0xF7, 0x2B, 0xB3, 0x56, 0x8A,
0x01, 0xFD, 0x69, 0xF7, 0xFE, 0x5D, 0x88, 0xE7, 0xFB, 0x04, 0xB3, 0x69, 0x1E, 0x07, 0x30, 0x4B, 0x34, 0x93, 0x27, 0x99, 0xC2,
0x0B, 0x7A, 0x43, 0x11, 0x75, 0xB3, 0x65, 0x17, 0x50, 0x7E, 0x6D, 0x04, 0x44, 0x07, 0xF5, 0xC7, 0xC8, 0xAB, 0xA5, 0x74, 0xBA,
0xC9, 0xF3, 0xDA, 0x51, 0xB4, 0x62, 0x8F, 0x86, 0x15, 0xD9, 0xFA, 0xAB, 0x04, 0x56, 0xE9, 0x8A, 0xA9, 0x02, 0x46, 0x65, 0xCE,
0xF2, 0xAD, 0xCD, 0x8A, 0x93, 0x4F, 0x45, 0xE2, 0xFC, 0x62, 0x9A, 0x2D, 0x17, 0x51, 0x51, 0x2E, 0xC2, 0x2F, 0xB5, 0x5F, 0x9D,
0xB4, 0xBC, 0x72, 0xB2, 0x59, 0x9E, 0xB0, 0xB2, 0xC9, 0x38, 0x38, 0x53, 0xA9, 0x8B, 0xDA, 0x2B, 0x58, 0x1A, 0xB0, 0x76, 0x14,
0xE4, 0x50, 0x2E, 0xEB, 0x8A, 0xD0, 0xE8, 0x2E, 0x99, 0x2E, 0xE7, 0x53, 0x38, 0x08, 0x93, 0x24, 0x8E, 0x96, 0x1D, 0xF7, 0x4F,
0x77, 0xAD, 0x66, 0xEB, 0xF9, 0xE4, 0x67, 0x65, 0x35, 0xB7, 0x81, 0xC0, 0x7A, 0xAF, 0x7F, 0xE8, 0xD0, 0xA8, 0x6F, 0xF2, 0x5B,
0x12, 0x07, 0xD7, 0xE4, 0x84, 0x45, 0x53, 0xF0, 0x8F, 0x78, 0x0E, 0x38, 0x9C, 0xDD, 0xA2, 0x01, 0x11, 0x08, 0xC8, 0x4D, 0x56,
0x8C, 0xD0, 0xBF, 0xBA, 0x23, 0xEF, 0xCF, 0x5F, 0x16, 0xFF, 0x38, 0xF9, 0xF9, 0xAA, 0xDC, 0x03, 0x47, 0xD4, 0xFC, 0xBE, 0x83,
0x5A, 0xDE, 0xF1, 0xF2, 0xC5, 0xF1, 0x93, 0xFF, 0x96, 0x26, 0x3C, 0xCB, 0xA9, 0x59, 0xD2, 0xC2, 0x49, 0x5E, 0xFF, 0x70, 0x9D,
0x0C, 0x24, 0x38, 0xF7, 0xE0, 0xFC, 0xAA, 0xB5, 0x5E, 0x9D, 0xFC, 0x9C, 0xFD, 0x77, 0x99, 0x14, 0xE8, 0x22, 0xA9, 0x35, 0xB4,
0xD1, 0xC3, 0x36, 0xD6, 0x4C, 0x80, 0xCE, 0x1B, 0x0E, 0xA2, 0xB9, 0x7B, 0x35, 0xAD, 0xC7, 0xF3, 0xE4, 0x98, 0x86, 0xCB, 0xFC,
0x79, 0xDA, 0x6B, 0xC2, 0xFD, 0x62, 0x8E, 0x2D, 0x1A, 0xC6, 0x79, 0xBC, 0x98, 0xB3, 0x83, 0x9E, 0x14, 0x6A, 0xD8, 0x27, 0xA8,
0x23, 0xAD, 0x33, 0x26, 0x5F, 0x7B, 0x2A, 0xA6, 0x93, 0x45, 0x8A, 0x5B, 0xD8, 0x78, 0x4C, 0x6F, 0x77, 0x84, 0x03, 0x61, 0xF8,
0x1B, 0x6A, 0xF1, 0x23, 0x29, 0x0E, 0x4A, 0xC4, 0x1E, 0x8C, 0xD9, 0x05, 0xCD, 0x5F, 0xDD, 0x91, 0x50, 0x46, 0xFB, 0x17, 0x1C,
0x73, 0xF4, 0xD8, 0xCB, 0xF2, 0x57, 0xC1, 0x18, 0x68, 0x62, 0xFA, 0xE7, 0x72, 0x5A, 0xC3, 0xF7, 0x5B, 0x42, 0x1B, 0x26, 0xDE,
0x4B, 0x03, 0x4F, 0xDC, 0x91, 0x87, 0xD7, 0xE0, 0xA5, 0xEC, 0x13, 0x5E, 0xF5, 0x11, 0x5C, 0xDB, 0xA2, 0x11, 0xCD, 0x70, 0xE3,
0x41, 0x70, 0x1A, 0xA4, 0x4B, 0x72, 0x6F, 0x40, 0xA0, 0x08, 0xB5, 0x00, 0xDC, 0xDA, 0xA6, 0x3F, 0xBF, 0xC2, 0xB5, 0x62, 0xE2,
0xF4, 0xDF, 0x49, 0x83, 0xF2, 0xD5, 0x0A, 0xCD, 0x47, 0xC9, 0x6C, 0x96, 0x3D, 0x19, 0x15, 0x19, 0x34, 0xA8, 0xF1, 0x09, 0x86,
0x0D, 0xFB, 0x85, 0x1F, 0x8E, 0xBC, 0x1C, 0x24, 0x19, 0xEE, 0x7A, 0x75, 0xBD, 0x91, 0x0C, 0x85, 0x3B, 0xD8, 0xD9, 0x94, 0x1A,
0xD1, 0x66, 0xB3, 0x45, 0x8C, 0xED, 0x61, 0x4B, 0x34, 0xA6, 0x15, 0x0D, 0x75, 0x64, 0x9E, 0x26, 0xA7, 0xA1, 0x4F, 0xD3, 0x45,
0x7D, 0x5D, 0x42, 0x74, 0x89, 0xD6, 0x3F, 0xD4, 0x76, 0xF4, 0x2A, 0xCB, 0x1E, 0xC3, 0xDE, 0x7A, 0x59, 0x63, 0x11, 0xF7, 0xE2,
0xD8, 0x5C, 0xCD, 0xFB, 0xEB, 0xDD, 0xA6, 0x53, 0xD6, 0x0D, 0x76, 0xA9, 0x96, 0x48, 0x38, 0x8F, 0x1B, 0x3F, 0x9C, 0x8B, 0xB3,
0x22, 0x62, 0x3A, 0x63, 0x21, 0xD3, 0xC8, 0xF8, 0x6A, 0xAD, 0x3E, 0xBF, 0x9F, 0xF5, 0x97, 0x5B, 0x7E, 0x4F, 0xF0, 0x8C, 0x97,
0xCC, 0xC9, 0xB6, 0xD1, 0x5F, 0xE4, 0xD1, 0x4A, 0x78, 0x25, 0x1D, 0x81, 0x70, 0x40, 0x64, 0x01, 0x94, 0xDE, 0x98, 0x5E, 0xC7,
0x1A, 0x2F, 0x49, 0x42, 0xF3, 0x08, 0x6B, 0x71, 0xE3, 0x95, 0x01, 0xDA, 0xEB, 0xDA, 0x6C, 0x65, 0x53, 0x98, 0x8C, 0xF0, 0xE6,
0x97, 0x6A, 0xAE, 0xB5, 0x84, 0x29, 0x61, 0x80, 0x94, 0x47, 0x4F, 0x20, 0xE2, 0x2E, 0xD8, 0xC0, 0x0F, 0x73, 0x68, 0x9B, 0x5E,
0x07, 0x5B, 0x9E, 0x13, 0x60, 0xDF, 0x4A, 0xE6, 0x01, 0x8B, 0x67, 0x2F, 0xC4, 0x3D, 0x82, 0x65, 0xD1, 0xD4, 0x5F, 0x45, 0xC7,
0xFF, 0xD1, 0x12, 0x08, 0x20, 0xF1, 0x65, 0x1A, 0x82, 0xCC, 0x9C, 0x03, 0xAF, 0xE4, 0xBF, 0xC2, 0x2C, 0x50, 0x32, 0x0C, 0xB0,
0xF5, 0x72, 0xFD, 0xA9, 0x8D, 0x4A, 0xF8, 0x3C, 0x4F, 0x81, 0x4E, 0xB1, 0x5F, 0xA1, 0xF4, 0x21, 0xE3, 0xF3, 0x0B, 0x96, 0xD4,
0x9F, 0xA7, 0x68, 0xBB, 0x7E, 0x31, 0x1E, 0x67, 0x41, 0x7E, 0x2D, 0xE6, 0xFE, 0xAB, 0xF8, 0xE1, 0x5D, 0xAF, 0xCD, 0x3F, 0x96,
0x87, 0xB6, 0xCF, 0xFE, 0x92, 0x52, 0xFF, 0x40, 0x86, 0xCB, 0x55, 0xA6, 0xFE, 0xDF, 0xD1, 0xE9, 0x87, 0x33, 0x7E, 0x9E, 0x75,
0x43, 0x4E, 0xE7, 0x53, 0xC4, 0x88, 0x94, 0x3D, 0x1F, 0x2F, 0x52, 0xCA, 0xD8, 0x81, 0x41, 0x27, 0xDC, 0xBB, 0x1D, 0x3F, 0x50,
0x47, 0x20, 0x9A, 0xD9, 0x03, 0x64, 0xDE, 0x8E, 0x4B, 0x1E, 0x26, 0x50, 0x36, 0x4E, 0x72, 0xD8, 0x10, 0xD0, 0x25, 0xDD, 0x54,
0x14, 0x56, 0x3B, 0xF0, 0xAC, 0xEF, 0xBE, 0x23, 0x6F, 0x06, 0xB1, 0x8D, 0xA8, 0xD6, 0x77, 0x8B, 0xB8, 0x92, 0x79, 0xBF, 0x9E,
0xEC, 0xF1, 0x36, 0xF2, 0xE3, 0x64, 0x91, 0x8E, 0x82, 0x7F, 0x33, 0xA2, 0xF7, 0xCB, 0x81, 0xB1, 0x8B, 0x6E, 0xA8, 0x54, 0x9B,
0xD1, 0x37, 0x5F, 0x1E, 0xB9, 0xB3, 0xF0, 0x44, 0x71, 0x75, 0x86, 0xE8, 0x27, 0xD5, 0x66, 0xD2, 0xCE, 0x63, 0x17, 0xD2, 0x19,
0xCF, 0x1F, 0xC1, 0x2E, 0xA2, 0xA5, 0x25, 0x78, 0x16, 0x9A, 0xE2, 0x6E, 0x78, 0xC9, 0x25, 0x0E, 0xC3, 0xF2, 0xA9, 0x18, 0xE4,
0x8A, 0xCB, 0xE5, 0xA3, 0x90, 0x9E, 0x69, 0xBF, 0xA3, 0x8E, 0xC7, 0x21, 0x66, 0xB1, 0x47, 0xE1, 0x3F, 0x88, 0xFD, 0xBA, 0xFC,
0x12, 0x57, 0x5B, 0x00, 0xBE, 0x49, 0x5E, 0x7F, 0x3C, 0xF9, 0x2B, 0xB2, 0x4D, 0xBD, 0x84, 0x5D, 0x11, 0xB3, 0x70, 0x2D, 0x37,
0x4B, 0x5E, 0xF1, 0xFA, 0x48, 0x4D, 0x6E, 0xDA, 0xC9, 0x60, 0x18, 0x81, 0x90, 0x9E, 0x76, 0xA5, 0xC5, 0xB4, 0xC3, 0x16, 0x53,
0x93, 0x1B, 0xB2, 0xA9, 0x74, 0x42, 0xAB, 0xEE, 0x44, 0xC1, 0x38, 0xDF, 0xAD, 0xF7, 0xA3, 0xD5, 0xAE, 0x6E, 0x1E, 0x9F, 0x21,
0x95, 0x6A, 0x8E, 0xB5, 0xD4, 0xA3, 0x76, 0x2D, 0x7F, 0x60, 0xC6, 0x37, 0x0F, 0xF2, 0xBC, 0xA1, 0xC2, 0xCC, 0xB8, 0xDE, 0xF4,
0xEC, 0xEC, 0xCC, 0x8D, 0xE9, 0x52, 0xF1, 0xA2, 0x14, 0x28, 0xDF, 0x1D, 0x25, 0xEE, 0xE2, 0xA3, 0xA9, 0x4C, 0xBF, 0x1F, 0xCE,
0x26, 0xEC, 0xE6, 0xD7, 0x7E, 0x9C, 0x06, 0x51, 0x32, 0x49, 0xDC, 0xB3, 0x60, 0x08, 0x8B, 0xD8, 0x8B, 0xA0, 0xD4, 0x73, 0x0E,
0x81, 0x2E, 0x1E, 0xEB, 0xEA, 0x28, 0xC6, 0x79, 0xDE, 0x9B, 0xB2, 0x1B, 0x24, 0x6F, 0xB1, 0x98, 0x60, 0x94, 0xBC, 0xD7, 0x18,
0x6C, 0xEA, 0x4F, 0xAE, 0x38, 0x5A, 0x1C, 0xA5, 0xCF, 0x97, 0x37, 0x75, 0xCC, 0x46, 0x53, 0x43, 0xED, 0x80, 0xA1, 0x4D, 0x7D,
0xC0, 0x16, 0x26, 0xF1, 0x59, 0x87, 0x9D, 0x8F, 0xA3, 0x2B, 0x0C, 0x1B, 0x6A, 0xBB, 0x93, 0xE4, 0x14, 0x26, 0xB6, 0x5F, 0x3B,
0x50, 0x28, 0xA7, 0x0F, 0xF4, 0x64, 0xFC, 0xF4, 0xB3, 0x0E, 0x6C, 0x98, 0x5F, 0x61, 0x5C, 0xCA, 0xDD, 0xBC, 0xB5, 0x23, 0x1B,
0xE6, 0xFA, 0xC0, 0x0E, 0x79, 0xDD, 0xEB, 0x1F, 0x9D, 0xE5, 0x0D, 0x30, 0x51, 0x75, 0xA1, 0x63, 0x40, 0x3C, 0x19, 0xD8, 0xB8,
0x97, 0xCE, 0x2E, 0xD8, 0x21, 0x48, 0x6C, 0xF1, 0xDF, 0x8C, 0x92, 0xF9, 0x72, 0x97, 0x6C, 0x0E, 0x36, 0x6F, 0x93, 0xEF, 0xD0,
0x3A, 0x46, 0x8E, 0x93, 0x71, 0x8E, 0xA9, 0x28, 0x5C, 0x72, 0x82, 0xB6, 0x7A, 0x1A, 0xA2, 0x08, 0x7F, 0x23, 0x38, 0x08, 0xC5,
0x19, 0xEC, 0x6C, 0x0B, 0xD8, 0xB1, 0x52, 0x13, 0x75, 0xA8, 0xBE, 0x45, 0xF7, 0x6D, 0xDC, 0xD4, 0xF0, 0xFE, 0x5F, 0xC4, 0x20,
0xAF, 0x93, 0xF5, 0x87, 0xCB, 0x5E, 0x3C, 0xEA, 0x65, 0x5E, 0xFF, 0x96, 0x3B, 0xB0, 0xE0, 0xF5, 0x88, 0xD7, 0x25, 0x47, 0xAC,
0x32, 0x81, 0x29, 0x4C, 0xC3, 0xE1, 0x02, 0x79, 0x40, 0xEF, 0x79, 0x12, 0xE3, 0xEB, 0x20, 0x1D, 0x85, 0x5E, 0xD4, 0x3B, 0x9E,
0x42, 0xD7, 0x0E, 0xA2, 0xF0, 0x63, 0x40, 0x00, 0x16, 0xBB, 0x09, 0xF9, 0x20, 0x5E, 0x52, 0x45, 0x1A, 0x2B, 0x42, 0x6F, 0x2D,
0xA4, 0xF6, 0x68, 0xDE, 0xFB, 0x2E, 0xEC, 0xDF, 0x78, 0x79, 0x0C, 0x6A, 0xD8, 0xF0, 0x32, 0x4F, 0x66, 0x82, 0x09, 0x63, 0xF2,
0x31, 0xCC, 0xD1, 0x80, 0x09, 0xE8, 0x09, 0x66, 0xC3, 0x08, 0x95, 0x18, 0x80, 0xA3, 0x2E, 0x0E, 0x76, 0x9E, 0x26, 0xD3, 0x70,
0x18, 0x62, 0xEA, 0xA7, 0xF5, 0xF6, 0x96, 0x71, 0x94, 0x50, 0x55, 0x5E, 0x6F, 0x9C, 0x24, 0x86, 0x08, 0xA5, 0x4E, 0x07, 0x7E,
0x07, 0xE1, 0x26, 0x36, 0x05, 0x2D, 0xF9, 0x16, 0x60, 0xCC, 0x3E, 0x21, 0x6E, 0x11, 0x67, 0xBF, 0xEB, 0x6F, 0x01, 0xCE, 0x16,
0xC3, 0x59, 0x88, 0xDE, 0x3D, 0x68, 0x94, 0x15, 0xB7, 0x2A, 0xAE, 0x75, 0xE7, 0xAF, 0x78, 0x1A, 0x87, 0x41, 0xE4, 0x83, 0xE4,
0xCC, 0x5F, 0xC1, 0x0B, 0xC0, 0x0E, 0x7D, 0x90, 0x51, 0xA0, 0x6C, 0xAC, 0x89, 0x0F, 0xE8, 0x2F, 0x23, 0x48, 0x70, 0x39, 0xBC,
0x4C, 0x93, 0xD9, 0x3C, 0x7F, 0x86, 0x5F, 0x70, 0xDE, 0x87, 0x21, 0x50, 0xCF, 0xF9, 0x9E, 0x83, 0x62, 0x1C, 0x8D, 0x21, 0x99,
0x86, 0xBE, 0x1F, 0xC4, 0xE2, 0x76, 0x5B, 0xDE, 0x94, 0x0E, 0xB3, 0xE7, 0xC3, 0xBC, 0x26, 0x13, 0x22, 0x3F, 0x70, 0x0A, 0x0E,
0xFC, 0x12, 0x7B, 0x66, 0x3D, 0x71, 0x23, 0xE9, 0x7E, 0x85, 0x24, 0x40, 0x0B, 0xE1, 0xB1, 0xDF, 0x98, 0xAA, 0xE9, 0xB6, 0x5A,
0x88, 0x4A, 0x8A, 0xCE, 0x3E, 0x1E, 0x28, 0x90, 0xB8, 0x1E, 0xA2, 0x7B, 0xC3, 0x74, 0x5B, 0xAD, 0xC3, 0xA7, 0x4D, 0xBD, 0xEB,
0xB7, 0x9C, 0xAE, 0x1E, 0x1C, 0x7A, 0xB2, 0xA0, 0x94, 0x52, 0x81, 0x37, 0xCD, 0xC2, 0xA2, 0x05, 0x39, 0xA6, 0x66, 0xCF, 0x39,
0xA2, 0x45, 0xF7, 0x2D, 0x13, 0x67, 0x4C, 0x9B, 0x31, 0x1E, 0xD4, 0x6F, 0x68, 0xA3, 0xA9, 0x8E, 0xB7, 0xE3, 0x92, 0x6F, 0x28,
0xBB, 0xE7, 0x88, 0xC8, 0x0C, 0x82, 0x02, 0x8C, 0x55, 0x5A, 0xBF, 0xC4, 0xAD, 0xDA, 0x72, 0x22, 0x08, 0x0E, 0xFF, 0x7B, 0x10,
0x4D, 0x9B, 0x25, 0x83, 0xA8, 0x90, 0x41, 0xEF, 0x83, 0xD4, 0x15, 0x17, 0x42, 0x14, 0x5E, 0x26, 0x9D, 0x85, 0xBF, 0x05, 0x3B,
0x1B, 0xEE, 0x76, 0x1A, 0xCC, 0xA0, 0x0B, 0xD0, 0x77, 0x2C, 0xD1, 0xA0, 0x2B, 0xCF, 0xA8, 0xA3, 0xF7, 0x15, 0x3A, 0x53, 0xBF,
0x9A, 0x6C, 0xD3, 0x64, 0xE5, 0x10, 0x2B, 0x48, 0x88, 0xAE, 0xF8, 0x52, 0x75, 0x55, 0x45, 0x4A, 0xFB, 0x47, 0x18, 0x8B, 0x55,
0x71, 0xD5, 0x77, 0x93, 0x26, 0x0A, 0xA6, 0xC2, 0x2F, 0x22, 0x3F, 0xC2, 0x83, 0x4D, 0x3A, 0x63, 0x51, 0x0B, 0x07, 0xBE, 0xBF,
0x92, 0x2E, 0xE5, 0xA7, 0xF2, 0x77, 0x53, 0xC6, 0x21, 0xC2, 0x84, 0x1E, 0x2E, 0x52, 0x2A, 0x07, 0xFE, 0xDB, 0xB0, 0x8F, 0x22,
0x3C, 0x50, 0x8C, 0xEC, 0xEB, 0x63, 0x22, 0xF4, 0x78, 0xAF, 0x4F, 0x90, 0x63, 0xE5, 0x2D, 0xEC, 0x3A, 0x4A, 0x94, 0x1D, 0x44,
0xD4, 0x56, 0x55, 0x5C, 0x8B, 0xBC, 0x24, 0xEB, 0x61, 0x17, 0x7A, 0x7C, 0xE3, 0x9E, 0xDA, 0xAD, 0x15, 0xD1, 0x1A, 0x96, 0x65,
0xFB, 0x6F, 0xB9, 0x48, 0xCB, 0x40, 0xDE, 0x6B, 0x5A, 0xA8, 0xD9, 0x28, 0x0D, 0xE7, 0x02, 0x6D, 0x30, 0xAA, 0x2C, 0x27, 0xDE,
0x1C, 0x73, 0x19, 0xE5, 0x01, 0xD9, 0x23, 0x9F, 0x04, 0x24, 0x9E, 0xB6, 0xE2, 0x98, 0x5B, 0x84, 0x76, 0x08, 0xBD, 0x68, 0xBC,
0x5B, 0xF1, 0x19, 0x8E, 0x01, 0x15, 0x25, 0x9E, 0x83, 0xAC, 0xB3, 0x43, 0x1C, 0x47, 0x7F, 0x7F, 0xF4, 0xEA, 0xD8, 0xF6, 0xFA,
0x29, 0xFC, 0x9B, 0x2F, 0x7C, 0xA8, 0x32, 0x30, 0x3E, 0x25, 0xF1, 0xC4, 0xF8, 0x26, 0xEE, 0x95, 0x7A, 0x1C, 0x46, 0x30, 0xB3,
0x0A, 0x44, 0xF5, 0xD3, 0x8B, 0x1F, 0x76, 0x08, 0xB2, 0x95, 0xE2, 0xB3, 0xAC, 0x4E, 0x94, 0x21, 0xE2, 0xAD, 0x07, 0x46, 0xA7,
0xF1, 0xE5, 0x13, 0xDF, 0x78, 0xF5, 0x34, 0x8C, 0xD9, 0x6B, 0x2F, 0x8A, 0xD4, 0x2F, 0x0F, 0xC3, 0x14, 0xF3, 0x75, 0x24, 0xB1,
0x59, 0xC7, 0x33, 0x9A, 0x7B, 0x8A, 0xC5, 0xCA, 0x57, 0x70, 0x6C, 0x31, 0x3A, 0x00, 0xEF, 0xB4, 0xF6, 0xE1, 0x8D, 0x06, 0x0A,
0xDF, 0x18, 0x90, 0x9E, 0xF8, 0x38, 0x72, 0x75, 0x6A, 0xE0, 0xB5, 0x05, 0x5F, 0xC5, 0x5B, 0x03, 0x55, 0xD4, 0xA7, 0x0E, 0xB8,
0x36, 0xC5, 0x3C, 0xE9, 0xF7, 0x07, 0x7B, 0x78, 0xBE, 0xED, 0x92, 0x8D, 0x3D, 0xBC, 0x5F, 0xA1, 0x4B, 0x36, 0xF7, 0xE0, 0xB4,
0x24, 0x0A, 0x03, 0x31, 0xFD, 0x10, 0x2C, 0x15, 0xC8, 0xDC, 0x81, 0xEB, 0xB8, 0x9E, 0xA4, 0xD4, 0x52, 0x36, 0x00, 0x47, 0x69,
0xA6, 0xA2, 0xF3, 0x37, 0xA3, 0xAB, 0xC2, 0x3B, 0xD9, 0xF8, 0x00, 0x9C, 0x25, 0xF4, 0x9F, 0x7B, 0x39, 0xF6, 0xFC, 0x24, 0xF9,
0x18, 0xC4, 0xB6, 0xEF, 0xAF, 0xFC, 0xC9, 0xAA, 0xEF, 0x3C, 0x95, 0xAA, 0xAD, 0x48, 0xA9, 0x9F, 0x93, 0xE7, 0x40, 0xE4, 0x56,
0xFC, 0x31, 0x48, 0x33, 0x7D, 0x5C, 0x98, 0xC8, 0xE5, 0x71, 0xCD, 0xF7, 0x22, 0xA8, 0x76, 0x87, 0xBC, 0x7D, 0x2F, 0x61, 0x83,
0xB1, 0x04, 0xE5, 0xE5, 0x2F, 0x19, 0x62, 0x96, 0x1D, 0x10, 0x76, 0xC8, 0xA7, 0x8B, 0xE2, 0x83, 0x97, 0x8F, 0x92, 0xEF, 0xC3,
0x2C, 0x4F, 0xD2, 0xA5, 0x52, 0x81, 0xDB, 0x56, 0x33, 0x03, 0xCA, 0x4B, 0xA9, 0x53, 0x08, 0x89, 0x7D, 0xBB, 0xD8, 0x15, 0x87,
0x24, 0xC6, 0x33, 0x60, 0x12, 0x51, 0x25, 0x9B, 0xC9, 0x3C, 0x03, 0x57, 0xDB, 0x0E, 0xF1, 0x93, 0xD1, 0x02, 0x3F, 0xB9, 0x70,
0x28, 0x7C, 0xC4, 0x4A, 0x1D, 0x2E, 0x9F, 0xF8, 0x6D, 0xCA, 0xF1, 0xC5, 0x65, 0xD1, 0x4E, 0xA7, 0x1C, 0x64, 0xE0, 0xA5, 0xA3,
0x29, 0xA3, 0xF8, 0xCA, 0xBA, 0x65, 0x21, 0x6B, 0x4D, 0xCA, 0x7F, 0x1A, 0x54, 0x46, 0x75, 0x45, 0xC7, 0x58, 0xC2, 0x8C, 0xEC,
0x0F, 0x93, 0xF3, 0x1A, 0x18, 0xF9, 0x38, 0x52, 0x8A, 0x56, 0x82, 0xA9, 0x83, 0xA1, 0x14, 0xD4, 0x20, 0x14, 0x1C, 0xA3, 0x61,
0x6F, 0xCC, 0xF2, 0xF5, 0x00, 0x57, 0xF4, 0x4B, 0x2B, 0x2D, 0xC1, 0xD2, 0xD7, 0x65, 0x25, 0x18, 0xB5, 0xA0, 0x04, 0x41, 0x67,
0xD2, 0x95, 0x10, 0xD4, 0x82, 0x12, 0x84, 0x21, 0x55, 0xFC, 0xC7, 0x41, 0x96, 0xD5, 0xD4, 0x2E, 0x0B, 0x49, 0x35, 0xF9, 0x79,
0xE6, 0x28, 0x89, 0x92, 0xBA, 0x96, 0xE5, 0x62, 0x66, 0x6D, 0x7A, 0x9F, 0xFB, 0xEA, 0xDA, 0xEC, 0xDA, 0xF7, 0xB2, 0xB6, 0x94,
0xB6, 0xB1, 0xA6, 0xB2, 0x9C, 0xDC, 0x51, 0xA2, 0xED, 0x22, 0xC3, 0x60, 0x1D, 0x61, 0x97, 0x69, 0x08, 0xB5, 0x9A, 0x8F, 0x62,
0x7F, 0x55, 0x3D, 0xCC, 0xDD, 0x27, 0x8D, 0x54, 0xA4, 0x59, 0xAB, 0x1B, 0x66, 0x91, 0x8A, 0x4D, 0x6A, 0xCD, 0x3B, 0x0D, 0x0E,
0xA9, 0x50, 0x52, 0xD7, 0x1E, 0xAA, 0x3A, 0x24, 0x8A, 0x8A, 0x60, 0x41, 0xAE, 0xAC, 0x44, 0x4B, 0x19, 0x94, 0xC0, 0x14, 0xE3,
0x75, 0x5C, 0x86, 0x69, 0xCE, 0xCB, 0x1A, 0xA7, 0x41, 0x1A, 0x8E, 0x97, 0x07, 0xC0, 0x06, 0x57, 0x36, 0x59, 0x16, 0x95, 0x69,
0x6F, 0x91, 0xE1, 0x9B, 0x3A, 0xC2, 0x63, 0x25, 0xD4, 0x3A, 0x28, 0xAE, 0xAC, 0x60, 0x6A, 0xBC, 0x9E, 0x28, 0xA9, 0xD6, 0x5F,
0xB9, 0x58, 0x8A, 0x32, 0x3A, 0x66, 0x39, 0xB7, 0x6F, 0x86, 0x60, 0x5E, 0xD8, 0x1C, 0x2F, 0xFF, 0x80, 0xBE, 0x37, 0xAB, 0x87,
0x20, 0x15, 0x96, 0x20, 0x89, 0xC4, 0x03, 0x35, 0xF5, 0x8B, 0xDC, 0x04, 0xD2, 0x0C, 0xCB, 0xF1, 0xEF, 0xF5, 0xDB, 0x89, 0x14,
0x27, 0xAF, 0xB6, 0xFA, 0xF3, 0x8A, 0x26, 0x7F, 0x96, 0x71, 0xC6, 0x83, 0x2B, 0xEA, 0x30, 0x25, 0xE2, 0x2F, 0x94, 0x56, 0x30,
0x9A, 0xAB, 0xBE, 0x1D, 0x1A, 0xEF, 0xA5, 0xB7, 0xB4, 0xA2, 0x9A, 0x14, 0x29, 0xD6, 0xA9, 0x10, 0x56, 0x2B, 0xEB, 0x2A, 0x26,
0xF2, 0x8E, 0xBE, 0xD5, 0xAF, 0x98, 0x4A, 0xD9, 0xD9, 0xAA, 0x63, 0x15, 0x6A, 0x6A, 0x18, 0x43, 0x61, 0x99, 0xEC, 0x18, 0xC2,
0xCB, 0x01, 0xDD, 0x56, 0x18, 0x35, 0xD6, 0xB1, 0x6F, 0x6B, 0x79, 0x99, 0x2E, 0xF3, 0x18, 0x8E, 0x40, 0x27, 0xC9, 0x71, 0x29,
0x14, 0x55, 0x93, 0xA5, 0x5E, 0xD6, 0x02, 0xE7, 0xA8, 0x10, 0xA3, 0x56, 0x82, 0x29, 0x0E, 0x61, 0xE6, 0xE8, 0xD4, 0xAC, 0x54,
0x0D, 0x86, 0xA7, 0xA5, 0xB1, 0xEA, 0x18, 0x62, 0x5D, 0x53, 0x80, 0xF6, 0xC4, 0x42, 0xC6, 0xEE, 0xB3, 0x1A, 0x5B, 0x2D, 0xAD,
0x64, 0x4B, 0x87, 0xB1, 0x1A, 0x53, 0x2D, 0xB5, 0x60, 0xAB, 0xA3, 0x0B, 0x8D, 0x95, 0x15, 0x65, 0xA1, 0xB0, 0xD5, 0x71, 0x3D,
0xDF, 0x7F, 0x84, 0xB9, 0x0D, 0x71, 0x50, 0x01, 0x8C, 0xA7, 0xDD, 0xFA, 0x18, 0x2C, 0xFD, 0xE4, 0x2C, 0x6E, 0x75, 0xC9, 0x78,
0x11, 0x53, 0xD2, 0x68, 0x07, 0x1D, 0xF2, 0x09, 0xBD, 0x59, 0xDA, 0x81, 0x0B, 0x5F, 0xC9, 0xDE, 0xDE, 0x1E, 0x69, 0xD1, 0x18,
0xA3, 0x56, 0x87, 0x04, 0x2E, 0xCF, 0x8E, 0xF8, 0x90, 0x85, 0x3F, 0xB6, 0x3B, 0xBB, 0xE4, 0xA2, 0x53, 0xF4, 0x63, 0x1C, 0xE4,
0xA3, 0x69, 0xBB, 0xD5, 0xE7, 0x3B, 0x36, 0x6E, 0x15, 0xA2, 0xB3, 0x84, 0xB8, 0xF9, 0x34, 0x88, 0xDB, 0x69, 0x90, 0xCD, 0x81,
0xF2, 0xE0, 0x34, 0xBC, 0x4F, 0xC4, 0x6F, 0x17, 0x05, 0xE3, 0x76, 0x47, 0x2B, 0x89, 0xB5, 0xB1, 0xD4, 0xA7, 0xEA, 0xE1, 0x8D,
0x96, 0x3E, 0x77, 0x48, 0x3B, 0x2E, 0x07, 0x49, 0x55, 0x9C, 0xAE, 0x70, 0xC1, 0xD9, 0xA3, 0x0E, 0x09, 0x2E, 0x94, 0x24, 0x0F,
0x48, 0xAB, 0x45, 0x76, 0x48, 0x0B, 0xED, 0x5B, 0x2D, 0xEC, 0x77, 0xD1, 0xDE, 0xC8, 0xC3, 0x7E, 0xB7, 0x3B, 0xD7, 0xD1, 0x5C,
0x09, 0x5E, 0x93, 0xE9, 0x8B, 0x1D, 0xE5, 0x51, 0x9A, 0xA2, 0x5E, 0xE8, 0x65, 0x44, 0x43, 0x05, 0xA8, 0x6A, 0x8D, 0x78, 0xEC,
0x08, 0xC4, 0x6E, 0xFB, 0x4A, 0xC6, 0x58, 0xB8, 0xBC, 0xAC, 0x23, 0x4F, 0xE0, 0x9C, 0x83, 0x35, 0x49, 0x12, 0x77, 0x6D, 0x61,
0x64, 0xE8, 0xAE, 0x57, 0x5E, 0xE5, 0xB3, 0x2B, 0xB7, 0xAA, 0x0A, 0x7D, 0x4D, 0x9A, 0x16, 0x35, 0xAE, 0xD6, 0x6E, 0xFE, 0x5B,
0x5D, 0x5B, 0x2C, 0x46, 0x8D, 0x39, 0x8A, 0x50, 0x85, 0xBA, 0x16, 0x27, 0x07, 0xB4, 0x48, 0x3D, 0xFE, 0xD0, 0xCB, 0xE4, 0x9D,
0x73, 0xC4, 0x62, 0x35, 0x45, 0xB9, 0x77, 0x8E, 0x48, 0xE2, 0x09, 0x1D, 0x44, 0x03, 0xD6, 0xEB, 0x1F, 0xE8, 0x37, 0xAD, 0x07,
0xE2, 0xB0, 0x5A, 0xD7, 0x0F, 0x39, 0xCA, 0xD7, 0xDA, 0xA6, 0x28, 0x60, 0xB4, 0x29, 0xC5, 0x00, 0x43, 0xE9, 0x87, 0x85, 0xA3,
0xD7, 0x21, 0x9E, 0xE6, 0xDF, 0x39, 0x5A, 0x5F, 0x9E, 0x1D, 0xFC, 0xF7, 0x3F, 0x0F, 0x5F, 0x1F, 0xFF, 0xF3, 0xE0, 0xE4, 0xE8,
0xC5, 0xF1, 0xDE, 0xC6, 0x40, 0xF9, 0x98, 0x2D, 0x33, 0xE8, 0xE3, 0x9E, 0x73, 0xBC, 0x84, 0x55, 0x39, 0x23, 0xB4, 0xBF, 0x8E,
0x5E, 0xE2, 0x39, 0xB5, 0x6A, 0x95, 0xED, 0x10, 0xDA, 0x90, 0x23, 0x97, 0x62, 0xB1, 0x7B, 0xAF, 0x82, 0x79, 0x52, 0x5A, 0x1A,
0xBD, 0x79, 0xE8, 0x4A, 0x31, 0x7D, 0x78, 0x95, 0x6B, 0x56, 0x13, 0xD9, 0x97, 0x06, 0x14, 0x4B, 0x59, 0x3F, 0x42, 0x2F, 0x7E,
0xF4, 0x05, 0x92, 0x1B, 0x40, 0x7F, 0xCF, 0xE2, 0x24, 0xF3, 0xCC, 0x9B, 0xCB, 0xA7, 0x53, 0x67, 0x08, 0xB2, 0x42, 0x1A, 0x25,
0x89, 0x03, 0xA7, 0xDA, 0x30, 0x1E, 0xE2, 0x95, 0x03, 0x3B, 0x0E, 0x4D, 0xD7, 0x4A, 0x7F, 0x3B, 0x5D, 0xF8, 0xC9, 0xDF, 0x3E,
0x4F, 0x52, 0xF1, 0xB6, 0x3C, 0x49, 0x3B, 0xA8, 0x64, 0x4E, 0xBD, 0x48, 0xA9, 0xFF, 0x26, 0xC8, 0x72, 0xA3, 0x3A, 0xA6, 0x7F,
0x35, 0x6B, 0x53, 0xA7, 0x27, 0xA5, 0xF2, 0x41, 0x9C, 0x87, 0x3D, 0x9A, 0x87, 0xE3, 0x2C, 0xCC, 0x02, 0x19, 0x42, 0xF9, 0x52,
0x82, 0x00, 0x4B, 0x18, 0xE8, 0x6F, 0x94, 0x5F, 0xB2, 0x03, 0x53, 0x0F, 0x8D, 0xAA, 0xD9, 0x0C, 0x90, 0xDD, 0x43, 0x27, 0x9D,
0x4B, 0x82, 0xF9, 0x65, 0x31, 0x0C, 0xE1, 0x10, 0xA0, 0xD4, 0x96, 0xF0, 0x25, 0x55, 0x97, 0x70, 0x2B, 0xD5, 0x9F, 0x05, 0x79,
0x9A, 0xCC, 0x93, 0x28, 0xCC, 0xBD, 0xF8, 0xD2, 0x40, 0xE2, 0x84, 0x3A, 0x2B, 0xC6, 0x97, 0x9E, 0xCB, 0x79, 0x38, 0x1A, 0x79,
0x7E, 0x18, 0x45, 0x97, 0x45, 0x03, 0xB0, 0x14, 0x10, 0x79, 0x43, 0xEF, 0xD2, 0x3D, 0x38, 0x03, 0x02, 0x46, 0x72, 0x5C, 0x7F,
0x2E, 0xF4, 0xCD, 0x55, 0x6C, 0x8C, 0x3C, 0xB6, 0xA5, 0x58, 0x00, 0x4F, 0x51, 0x33, 0x9F, 0xB5, 0x23, 0xAA, 0xA5, 0xEC, 0x94,
0x2B, 0x81, 0xAD, 0x95, 0x19, 0x5D, 0x1E, 0xFA, 0x8A, 0x79, 0xCB, 0x4A, 0xBF, 0xDF, 0x55, 0x0B, 0x03, 0x6B, 0x79, 0xC2, 0xBA,
0x07, 0x75, 0x8A, 0xED, 0xE7, 0xD7, 0x45, 0x90, 0x2E, 0xC5, 0x6D, 0x00, 0xED, 0xD6, 0x5F, 0x2C, 0x8A, 0x04, 0xCE, 0x94, 0xDE,
0x72, 0xCD, 0x3E, 0x1F, 0xA3, 0xF3, 0xBE, 0xD5, 0x31, 0x5B, 0x78, 0xC1, 0x07, 0x7B, 0xB5, 0x26, 0x04, 0xCA, 0x78, 0x1B, 0xA2,
0x15, 0x94, 0x17, 0xCA, 0x51, 0x48, 0xD8, 0x20, 0xD2, 0xE0, 0x5C, 0xF4, 0xA6, 0x38, 0x62, 0x76, 0x22, 0xE8, 0x05, 0xA2, 0xE8,
0x01, 0xFE, 0xEB, 0xF2, 0x7E, 0xC3, 0xE6, 0xEC, 0xF0, 0xA2, 0x4E, 0xD1, 0xFF, 0x0B, 0xAD, 0x09, 0x31, 0x0C, 0xBD, 0x0D, 0xF1,
0xBE, 0xB2, 0x11, 0xD1, 0x73, 0x6C, 0x45, 0x14, 0x36, 0x9A, 0xB9, 0x30, 0x66, 0x7D, 0x9E, 0xCC, 0x17, 0xC8, 0x0D, 0xD1, 0x00,
0x9B, 0x31, 0x54, 0xB5, 0x99, 0x71, 0xC4, 0x32, 0xEB, 0xDC, 0x34, 0xB3, 0x57, 0x29, 0x43, 0x14, 0x35, 0x77, 0xE5, 0x61, 0xDD,
0x60, 0xAF, 0x3B, 0x20, 0x11, 0x01, 0x37, 0x8E, 0x77, 0x4B, 0x15, 0x1C, 0xBE, 0x76, 0xA9, 0xE3, 0xC3, 0xF7, 0x27, 0xCF, 0x9E,
0x02, 0x60, 0xA7, 0xEC, 0x32, 0xEE, 0xC0, 0x98, 0x17, 0x82, 0x5E, 0x2E, 0x00, 0x9F, 0x06, 0xBB, 0xEC, 0xD7, 0x7D, 0xB2, 0x79,
0x8B, 0xFD, 0xFC, 0xF6, 0x5B, 0x05, 0x4B, 0x05, 0x29, 0xE0, 0xB8, 0xA4, 0x3E, 0x52, 0x77, 0x94, 0x80, 0x77, 0x93, 0x1E, 0xAD,
0xA8, 0x86, 0x69, 0x57, 0xC1, 0x2F, 0xFA, 0x73, 0x52, 0x1A, 0x80, 0x9A, 0x08, 0xDB, 0xFC, 0xAA, 0x22, 0xFE, 0x98, 0x6E, 0xE6,
0x6D, 0x2C, 0xDA, 0x71, 0xE7, 0x9E, 0x4F, 0x15, 0x29, 0xED, 0xCD, 0x2E, 0x71, 0x06, 0x4E, 0x87, 0x7C, 0x4B, 0x9C, 0x9D, 0xC1,
0xC0, 0x91, 0x80, 0xF0, 0xB1, 0x7A, 0xF3, 0x79, 0x10, 0xFB, 0x47, 0xD3, 0x30, 0xF2, 0xDB, 0x0C, 0x6E, 0xA7, 0xF9, 0x1C, 0xB1,
0xB3, 0x19, 0x9E, 0xD2, 0xAE, 0x75, 0x8A, 0x0A, 0x44, 0xCF, 0xC2, 0x18, 0x55, 0xB2, 0xBD, 0xDB, 0x80, 0x6A, 0xFA, 0xFB, 0xFE,
0x1E, 0xD9, 0xD8, 0xE4, 0x0F, 0x1A, 0xB2, 0x71, 0x5E, 0x69, 0x99, 0xBF, 0x92, 0x8D, 0x6D, 0x2A, 0x45, 0x0F, 0xC8, 0xBF, 0xFE,
0xC5, 0xDF, 0xED, 0x43, 0x3D, 0xF2, 0xCD, 0x37, 0x05, 0x90, 0xED, 0x8E, 0x52, 0xF7, 0x2A, 0x53, 0x55, 0x98, 0x9D, 0x46, 0xF9,
0xC2, 0x8B, 0x7E, 0xE4, 0x33, 0xC6, 0x9A, 0xC5, 0x5E, 0x40, 0x7F, 0x3B, 0xB0, 0x22, 0x36, 0x36, 0xEE, 0xC1, 0x42, 0xC0, 0xB7,
0x4A, 0x5D, 0x6D, 0xA2, 0x25, 0x20, 0xB6, 0x62, 0xEA, 0x8C, 0xB7, 0x95, 0x26, 0x71, 0xC0, 0x1D, 0xD5, 0xAA, 0xF8, 0x00, 0x77,
0x16, 0x90, 0xF3, 0xDA, 0x5C, 0x70, 0xEA, 0x68, 0xEE, 0x5F, 0x3B, 0xE4, 0xC3, 0xCD, 0x4F, 0x12, 0x90, 0x0B, 0x6E, 0xA5, 0xBC,
0xF9, 0xE9, 0x99, 0x97, 0x4F, 0x5D, 0x6F, 0x98, 0xC9, 0x4D, 0x74, 0xD8, 0x70, 0x0A, 0xB1, 0x3E, 0x6B, 0x5D, 0x7C, 0x50, 0x3A,
0xD9, 0x80, 0xA2, 0x24, 0xF6, 0xB2, 0x92, 0xB8, 0x8A, 0x13, 0x1C, 0xD2, 0x57, 0xD6, 0x36, 0x08, 0x6B, 0x9A, 0x1E, 0xAF, 0x22,
0xAD, 0x96, 0xEC, 0xCD, 0x61, 0xF0, 0xE8, 0x59, 0xDC, 0x1C, 0x00, 0xF3, 0xC1, 0x68, 0x59, 0x68, 0x34, 0x64, 0x9C, 0x20, 0xE4,
0x6C, 0x20, 0xD4, 0xC8, 0x92, 0x10, 0x2C, 0x04, 0x78, 0xA8, 0xA6, 0xAA, 0x16, 0xC3, 0x52, 0xAB, 0xA3, 0x4F, 0x79, 0x41, 0x16,
0xF8, 0x9B, 0xBA, 0xC7, 0xC1, 0xE9, 0xCA, 0xCD, 0x13, 0xBE, 0xD4, 0xD5, 0x65, 0xDE, 0x1A, 0x68, 0x00, 0xC2, 0x71, 0x5B, 0xA0,
0xA8, 0x53, 0x20, 0x0B, 0x8F, 0xA4, 0x38, 0x2B, 0x1D, 0x93, 0xDF, 0xDB, 0x46, 0x84, 0x0B, 0xEF, 0x8B, 0x1A, 0x91, 0x98, 0xB3,
0x4E, 0x31, 0x7B, 0x95, 0x23, 0xAA, 0xA6, 0x2C, 0x71, 0xB0, 0xAF, 0x20, 0x2C, 0x9F, 0x1B, 0xF7, 0x57, 0x53, 0x87, 0xEE, 0x0E,
0x50, 0x45, 0x1F, 0xDB, 0x14, 0x9B, 0x7B, 0x0C, 0x9D, 0xE4, 0x5B, 0xE4, 0x3F, 0x15, 0xEC, 0xE7, 0x2A, 0x38, 0x0D, 0x8D, 0x2F,
0x2A, 0xBF, 0x80, 0xC5, 0x1E, 0x8A, 0x25, 0x9E, 0xA9, 0x4B, 0x57, 0x1D, 0xB2, 0xBE, 0x84, 0xAB, 0x51, 0x5B, 0xB5, 0x56, 0x77,
0xD5, 0xCF, 0x1A, 0xC2, 0xB5, 0xAF, 0xF2, 0x4E, 0xAF, 0x18, 0x01, 0x56, 0x96, 0xA3, 0x4A, 0x7F, 0xAD, 0x94, 0xB4, 0x27, 0x69,
0x1A, 0x44, 0x53, 0xC2, 0xE4, 0xAA, 0x22, 0x38, 0x64, 0xB7, 0xC3, 0xEC, 0x20, 0x8A, 0x92, 0xB3, 0x40, 0xDE, 0xC0, 0x84, 0x55,
0xD0, 0x2D, 0xCD, 0x02, 0xA8, 0x78, 0xF0, 0xA8, 0x3F, 0xE6, 0x1E, 0xB9, 0x51, 0xD4, 0xD9, 0x35, 0x6A, 0xE8, 0xBA, 0x36, 0xA5,
0x5E, 0xD9, 0x18, 0xEE, 0x49, 0xC2, 0x5F, 0xC1, 0x15, 0xD4, 0xE4, 0xB2, 0x3C, 0x38, 0xF7, 0xB7, 0x3B, 0xD5, 0x70, 0x0B, 0x84,
0x37, 0x01, 0x5C, 0x28, 0xEB, 0x0C, 0xC8, 0xC5, 0x44, 0x7A, 0xD9, 0x32, 0x1E, 0x95, 0x88, 0xA1, 0x8A, 0x25, 0x1E, 0xA7, 0xAC,
0xAC, 0x90, 0x3C, 0x5D, 0x9A, 0x12, 0x4E, 0xA9, 0x63, 0x22, 0xDE, 0x19, 0xBD, 0x53, 0x9A, 0xEB, 0xA5, 0x30, 0xEA, 0x14, 0x75,
0x4D, 0x0A, 0xD1, 0x52, 0x01, 0xAC, 0x50, 0x45, 0x25, 0x1F, 0xB5, 0xA5, 0xA0, 0x89, 0x64, 0x12, 0x83, 0x22, 0xE5, 0x88, 0x84,
0xB9, 0xB7, 0x68, 0x51, 0x53, 0x6D, 0x49, 0xD5, 0x53, 0x8C, 0x62, 0x49, 0xCB, 0xB1, 0x94, 0xB4, 0x4C, 0xA8, 0x1A, 0x4A, 0x6E,
0x5D, 0x6B, 0xBB, 0x92, 0x91, 0xE8, 0x30, 0x75, 0x0E, 0x42, 0x55, 0x3B, 0x7B, 0x66, 0x77, 0x25, 0x01, 0x9E, 0xB3, 0x1A, 0x2F,
0xF7, 0x78, 0xE1, 0x66, 0x9A, 0xEC, 0x5D, 0x59, 0x93, 0x8D, 0x35, 0xAB, 0x84, 0xD5, 0xCB, 0x0A, 0x34, 0x9A, 0x40, 0x22, 0x41,
0xB4, 0xCA, 0x20, 0x70, 0x1A, 0x44, 0x01, 0x23, 0x4E, 0xCA, 0x00, 0xD5, 0x8E, 0x63, 0x76, 0xD2, 0x2E, 0x13, 0x88, 0x62, 0xB4,
0x08, 0x30, 0xCC, 0x47, 0x1E, 0x50, 0x0D, 0xFA, 0x75, 0x52, 0xBD, 0xE0, 0x67, 0x90, 0xA3, 0x11, 0xB6, 0xBB, 0x48, 0xA3, 0x55,
0xB2, 0x34, 0x2D, 0x87, 0x6A, 0x28, 0xA9, 0xE0, 0x8A, 0xB1, 0x70, 0x8A, 0x69, 0xB4, 0xB0, 0x24, 0x1B, 0xD3, 0xE5, 0xD7, 0x16,
0x7A, 0x42, 0xF4, 0xA6, 0x0C, 0xCA, 0xE7, 0x59, 0x64, 0x92, 0xAF, 0x45, 0xE3, 0x75, 0xA6, 0x0C, 0xED, 0x0A, 0x4B, 0x4D, 0x43,
0x1B, 0x32, 0xE0, 0x57, 0x01, 0x6A, 0xAC, 0x0E, 0x99, 0x89, 0xAE, 0x8D, 0x9D, 0xEB, 0x52, 0xDF, 0xF3, 0x2E, 0x01, 0xB6, 0x0F,
0xFF, 0xC0, 0x3C, 0xE8, 0xEB, 0x90, 0xDF, 0x0A, 0xFF, 0x54, 0x5B, 0x8E, 0xD2, 0xC0, 0xB4, 0xF5, 0xE2, 0x45, 0x40, 0x52, 0xFE,
0xF2, 0xD1, 0x39, 0x7C, 0x45, 0xE6, 0x22, 0x01, 0x70, 0xB3, 0x04, 0xB6, 0x14, 0x41, 0x9D, 0x94, 0x42, 0x10, 0x0E, 0x15, 0x8A,
0xF1, 0x87, 0x7A, 0xC2, 0x54, 0x00, 0x49, 0xE7, 0xCC, 0x82, 0xE4, 0x83, 0x82, 0x4B, 0xBC, 0x75, 0x5D, 0x57, 0x6A, 0xA7, 0xD4,
0x55, 0x50, 0x6A, 0x5B, 0xC4, 0xD9, 0x34, 0x1C, 0xE7, 0xED, 0x4F, 0xC4, 0x36, 0xE2, 0x92, 0xE0, 0x88, 0x00, 0x47, 0x6B, 0x65,
0x18, 0xDD, 0xD0, 0x1E, 0x74, 0x55, 0x45, 0x68, 0x59, 0xB6, 0x62, 0x8E, 0xB1, 0xAE, 0xD4, 0x49, 0x2B, 0x41, 0x0E, 0xA3, 0x64,
0x08, 0x45, 0x31, 0x79, 0xE2, 0x21, 0xFC, 0x6C, 0xCB, 0x64, 0xF5, 0xF6, 0x1F, 0xC7, 0x2F, 0x9E, 0xBB, 0x4C, 0xAD, 0x1C, 0x8E,
0x97, 0x6D, 0x84, 0x87, 0x19, 0x14, 0xA3, 0xA8, 0x4B, 0x36, 0x3B, 0xA5, 0x63, 0x0E, 0xFE, 0xF7, 0x89, 0x3A, 0x10, 0xC2, 0x39,
0x02, 0xFA, 0x12, 0x85, 0xCC, 0x07, 0xB3, 0x4F, 0xE9, 0x58, 0x26, 0x46, 0x99, 0x4D, 0x88, 0x1E, 0xA0, 0x1A, 0x1B, 0x83, 0x53,
0x79, 0x2F, 0x1E, 0xF3, 0x47, 0x85, 0x1A, 0x45, 0x19, 0xBE, 0x5A, 0xDB, 0xAD, 0x71, 0x18, 0x05, 0xAD, 0x2E, 0xED, 0x3D, 0x48,
0x96, 0xF6, 0xC5, 0xD3, 0x78, 0xED, 0x2D, 0xE6, 0x51, 0xE2, 0xF9, 0x00, 0x4E, 0x59, 0x54, 0xB3, 0x20, 0x9F, 0x26, 0x3E, 0x8C,
0xE8, 0xE5, 0x8B, 0xE3, 0x93, 0x96, 0x32, 0x58, 0xF4, 0x58, 0xDD, 0x29, 0x3A, 0x25, 0x2D, 0x3B, 0xB5, 0xD9, 0x15, 0xAB, 0x96,
0x75, 0x62, 0x08, 0x7B, 0x7C, 0x00, 0x12, 0xB2, 0xF3, 0xD8, 0x0B, 0x23, 0x9A, 0xD7, 0x9F, 0x2E, 0x0F, 0x82, 0x53, 0x4C, 0xF8,
0x98, 0xF0, 0x25, 0xD5, 0x30, 0xBB, 0x4E, 0x97, 0xA9, 0xBB, 0x55, 0xB1, 0xB1, 0x7A, 0xFD, 0x8B, 0xA5, 0xDA, 0x0E, 0xA0, 0x8E,
0xDC, 0x7C, 0x65, 0xE3, 0x0C, 0x19, 0x4A, 0xF3, 0x3B, 0xC4, 0x21, 0xDF, 0x12, 0x80, 0xE0, 0xF2, 0xEC, 0x04, 0x46, 0x27, 0x8A,
0xF6, 0xAA, 0xD9, 0x86, 0xB9, 0xED, 0x8E, 0xC3, 0xD8, 0x47, 0x61, 0xCD, 0x97, 0x99, 0xC0, 0xCA, 0xCD, 0xD7, 0xB6, 0xDA, 0xD9,
0xF8, 0xF9, 0xC6, 0x03, 0x50, 0xEB, 0xD6, 0x35, 0x6A, 0x11, 0x90, 0x84, 0x77, 0xEB, 0xA5, 0x81, 0x0A, 0xA6, 0xDE, 0xBC, 0x4F,
0x74, 0xF2, 0x69, 0x8F, 0x98, 0x94, 0xA6, 0x60, 0x1F, 0xC3, 0x75, 0x75, 0xFF, 0x04, 0xA7, 0xCB, 0x7C, 0x0E, 0x55, 0x2E, 0xAC,
0xB3, 0xD5, 0xF5, 0x05, 0x0E, 0x9B, 0x17, 0xC4, 0x1F, 0x2F, 0x77, 0x30, 0x0F, 0x6F, 0xF8, 0xC2, 0x8F, 0x65, 0x1E, 0x06, 0x29,
0xE3, 0x76, 0x4D, 0x09, 0x6F, 0x84, 0x97, 0xCF, 0xB9, 0xEE, 0x17, 0x2E, 0x7A, 0xE0, 0xB4, 0x37, 0x96, 0x3D, 0x50, 0x67, 0x47,
0xDA, 0xB8, 0x90, 0x4A, 0xA2, 0x84, 0x57, 0x1D, 0xE7, 0xD2, 0x42, 0x49, 0x25, 0x19, 0xA1, 0xE3, 0x67, 0xF5, 0xB2, 0x9B, 0x7A,
0xB1, 0x1F, 0x05, 0x52, 0x0D, 0x7E, 0x06, 0x33, 0xA8, 0x9C, 0xAD, 0x1B, 0xE9, 0xB0, 0x62, 0x10, 0x12, 0x43, 0x87, 0x46, 0x2C,
0xC8, 0xBD, 0xF0, 0xF8, 0x62, 0x5F, 0xDE, 0x9A, 0xD2, 0xFB, 0x06, 0x2D, 0x6D, 0xD9, 0x51, 0xF5, 0x56, 0x0B, 0xCC, 0xD3, 0x0A,
0x2A, 0xEA, 0x8B, 0x75, 0x48, 0x5D, 0x8A, 0x57, 0x97, 0x41, 0x63, 0x60, 0x51, 0x4A, 0x91, 0x0B, 0xE5, 0x52, 0x4F, 0xBD, 0xBC,
0x28, 0x04, 0x1B, 0xB4, 0xBD, 0x0C, 0x25, 0x23, 0x5E, 0x26, 0x89, 0x2B, 0x7A, 0xF4, 0xE2, 0x07, 0x28, 0x84, 0x93, 0x52, 0x31,
0x3E, 0xE1, 0x63, 0xA5, 0x2E, 0xC2, 0xA7, 0x3C, 0x92, 0x61, 0x87, 0xDC, 0x1F, 0xEE, 0x23, 0xDD, 0x94, 0xFD, 0x45, 0xC2, 0xB9,
0xDF, 0x87, 0xB7, 0xBB, 0x9A, 0x3F, 0x05, 0x1E, 0x7D, 0xE5, 0xD9, 0x87, 0x4D, 0x9F, 0x26, 0x2E, 0x38, 0x14, 0xC6, 0xF3, 0xC3,
0xE4, 0xBC, 0xBD, 0x4A, 0xA8, 0x65, 0x04, 0x72, 0x24, 0x39, 0x60, 0x5D, 0x5E, 0xAC, 0xF5, 0x83, 0xE8, 0xC1, 0x78, 0xAF, 0x56,
0xBA, 0x2D, 0xA4, 0xC9, 0x72, 0x17, 0xA9, 0x90, 0x67, 0xDE, 0xBE, 0xDF, 0x5D, 0x63, 0x9F, 0xD1, 0x46, 0x45, 0x2D, 0xD6, 0xA8,
0xBC, 0x38, 0xFE, 0x91, 0xA1, 0xA2, 0x4D, 0x53, 0xD9, 0x74, 0x71, 0x5F, 0x4B, 0xD2, 0x67, 0x6C, 0x63, 0x33, 0xD6, 0x00, 0xC8,
0x3E, 0x78, 0xFB, 0x0F, 0xF5, 0x83, 0x80, 0xD2, 0x2E, 0x3E, 0xB7, 0x0D, 0x22, 0xE6, 0xA5, 0x6C, 0x9C, 0x9E, 0x6F, 0x4D, 0xCA,
0xC6, 0x9F, 0x7C, 0xD4, 0x9C, 0xB3, 0xB9, 0x0F, 0xF7, 0x82, 0xBA, 0xD5, 0x4B, 0xBB, 0xB8, 0x8D, 0xF1, 0x63, 0x83, 0xA2, 0x3D,
0x16, 0x6C, 0x1A, 0x64, 0xED, 0x96, 0xD3, 0xEA, 0xD4, 0x6C, 0xEF, 0xAD, 0x87, 0xC9, 0x02, 0xEF, 0x7F, 0xFA, 0x75, 0x91, 0xE0,
0x8D, 0xF6, 0x6D, 0xA7, 0x43, 0x93, 0x46, 0xD0, 0x44, 0x29, 0x5C, 0xC1, 0x10, 0xB2, 0xD4, 0x51, 0xC2, 0x7B, 0xA1, 0x2F, 0x79,
0x50, 0x70, 0x2F, 0x86, 0xCC, 0x6D, 0x99, 0x5B, 0x93, 0x39, 0x30, 0xBA, 0x87, 0xAD, 0x18, 0x03, 0x17, 0xE7, 0xB3, 0xD3, 0x57,
0xC1, 0x24, 0x38, 0x07, 0xE4, 0xF6, 0xFF, 0xE7, 0xED, 0xFF, 0x74, 0xDF, 0x65, 0xEF, 0xBF, 0x6D, 0xBF, 0xCB, 0xFE, 0x06, 0x3F,
0xFE, 0xC6, 0x1F, 0x3B, 0x7F, 0xBB, 0xD9, 0x57, 0x77, 0x54, 0x51, 0xC9, 0x45, 0x03, 0xBB, 0x40, 0x44, 0xDD, 0xD8, 0x95, 0xE9,
0xBD, 0xA6, 0xFE, 0x9B, 0x75, 0x2D, 0x53, 0xCA, 0x27, 0x94, 0x77, 0xB1, 0x80, 0xD2, 0x90, 0x4C, 0x5F, 0x2A, 0x8E, 0x27, 0x26,
0x73, 0x66, 0xF9, 0x99, 0x24, 0xEE, 0xAC, 0x7A, 0xAA, 0x58, 0x39, 0x33, 0xAC, 0x52, 0xF4, 0xB7, 0x10, 0x6B, 0xB4, 0x72, 0x45,
0x58, 0x9C, 0x5E, 0x34, 0x83, 0x1B, 0x83, 0x44, 0x45, 0xDA, 0x62, 0xAD, 0xEA, 0x21, 0x2D, 0xB8, 0x05, 0x20, 0x2E, 0x25, 0xAD,
0x17, 0x30, 0x88, 0x4F, 0x96, 0x93, 0xA9, 0xA5, 0x26, 0xE7, 0x96, 0x2B, 0x8A, 0x42, 0x41, 0xDE, 0x13, 0x75, 0xB8, 0x17, 0xCD,
0x70, 0x5C, 0x70, 0xC5, 0x06, 0xE8, 0x2D, 0xDC, 0x8F, 0xAE, 0x84, 0x59, 0xD5, 0x89, 0xA9, 0x01, 0x52, 0xA5, 0xB8, 0x97, 0xE6,
0xF8, 0x54, 0x2B, 0x55, 0xA1, 0xB2, 0x28, 0x75, 0x45, 0x2C, 0x9E, 0xFC, 0x6C, 0xA2, 0x2F, 0x2D, 0xD6, 0x75, 0xFB, 0xED, 0x41,
0xEF, 0x67, 0xAF, 0xF7, 0xDB, 0xFB, 0x4F, 0x5B, 0xDD, 0x8B, 0x4E, 0xFB, 0xED, 0xB7, 0xBD, 0xF7, 0x0F, 0xDA, 0x0F, 0x76, 0xDE,
0x0E, 0x7A, 0xF7, 0xDE, 0xFF, 0x6B, 0x03, 0xFE, 0xDC, 0x7A, 0xDF, 0x81, 0x67, 0x7C, 0xB1, 0xFD, 0x9E, 0xBE, 0xED, 0x3C, 0xD0,
0x9F, 0xE1, 0x8D, 0x02, 0x05, 0x0B, 0x74, 0x9F, 0xB5, 0x07, 0x0F, 0xDE, 0x6E, 0x08, 0x28, 0x9B, 0xEF, 0x3B, 0xEF, 0x5C, 0x84,
0xBB, 0x01, 0x00, 0xFF, 0xB5, 0x0D, 0x0F, 0xF0, 0xF2, 0xF6, 0x7B, 0x78, 0xF3, 0xAE, 0xAF, 0x34, 0x07, 0x7F, 0x36, 0x59, 0xAB,
0x9D, 0x07, 0xD7, 0x01, 0xA3, 0xF3, 0x40, 0xE2, 0x50, 0x6C, 0xF0, 0x42, 0x52, 0x29, 0x68, 0x47, 0x78, 0xE8, 0x32, 0xFC, 0x96,
0x7B, 0x88, 0x36, 0x21, 0x18, 0x31, 0xA4, 0xCF, 0x17, 0x25, 0x0C, 0x56, 0x4D, 0x6C, 0x2E, 0xDA, 0x99, 0x00, 0x4B, 0xA4, 0x25,
0x47, 0xA4, 0x65, 0x3B, 0x46, 0x29, 0xBD, 0x11, 0x95, 0x92, 0x54, 0x8E, 0xC9, 0x7D, 0xCF, 0x9A, 0x6E, 0xA8, 0xDF, 0x73, 0x1F,
0xAF, 0x5A, 0x2A, 0x78, 0x70, 0xA3, 0xD7, 0xE1, 0x73, 0x88, 0xF8, 0x43, 0x74, 0x16, 0x4F, 0xBD, 0xF7, 0x9F, 0x06, 0xDD, 0xDB,
0x1B, 0x17, 0xD2, 0xF7, 0xE6, 0x58, 0xC5, 0xD6, 0x57, 0xE0, 0xB5, 0x0C, 0xBB, 0xFA, 0xEC, 0xD8, 0x55, 0x9A, 0xAA, 0xC3, 0xB1,
0xE2, 0x5D, 0x67, 0x60, 0x9A, 0x0B, 0xD2, 0x8B, 0x21, 0xD3, 0xBD, 0x3C, 0x43, 0xF9, 0x88, 0xAE, 0x53, 0xEE, 0x63, 0xA9, 0xED,
0x43, 0xED, 0x5F, 0xBB, 0x64, 0x34, 0xEC, 0x68, 0x67, 0x1D, 0xEC, 0xFA, 0xAF, 0x7C, 0x5C, 0x64, 0x9F, 0x6C, 0x6A, 0xDA, 0x87,
0x9B, 0xAE, 0xF7, 0x8B, 0x77, 0xDE, 0xFE, 0xA4, 0xDA, 0x90, 0x17, 0x69, 0xB4, 0x43, 0x5A, 0x7D, 0x1E, 0xD5, 0x38, 0x0F, 0x47,
0x1F, 0x83, 0xF4, 0xC1, 0xAF, 0x7B, 0x2D, 0x3C, 0xFF, 0xC7, 0x78, 0x2A, 0x7B, 0xFD, 0xEA, 0xC9, 0x51, 0x32, 0x03, 0x61, 0x0F,
0x0F, 0x4A, 0xBF, 0x76, 0xBA, 0x6A, 0xF5, 0x42, 0x67, 0xF2, 0xDD, 0x23, 0x4D, 0x65, 0x02, 0x87, 0x95, 0xC5, 0x68, 0x44, 0x63,
0x64, 0x0A, 0x0A, 0x6A, 0xE3, 0x79, 0x47, 0xEB, 0x96, 0x34, 0x7C, 0xD6, 0x07, 0xD4, 0xDB, 0x61, 0x39, 0x77, 0xEE, 0x2D, 0x51,
0x33, 0xE1, 0x8A, 0xF7, 0x2E, 0x13, 0x4B, 0xDA, 0x19, 0x8E, 0x3B, 0x73, 0x3F, 0x0E, 0x59, 0x98, 0xE8, 0x0D, 0x6A, 0x39, 0xDF,
0x35, 0x60, 0x0E, 0xDB, 0xA2, 0xA2, 0xFE, 0xF1, 0x42, 0xEB, 0x28, 0x95, 0x18, 0xE4, 0x6E, 0x9E, 0x4F, 0xD3, 0x2E, 0xED, 0xCE,
0x22, 0xE3, 0xE2, 0x62, 0x45, 0xA7, 0x93, 0x28, 0x70, 0xE9, 0xF7, 0xF6, 0x07, 0x1E, 0x68, 0xC4, 0x04, 0x61, 0x20, 0x05, 0x54,
0xAF, 0xEC, 0x90, 0x9B, 0x9F, 0x18, 0x98, 0x0B, 0xD2, 0x83, 0xDF, 0xB4, 0xE8, 0xC5, 0x07, 0x6B, 0x67, 0xDF, 0xBE, 0x37, 0xBA,
0x29, 0x3F, 0x5E, 0x28, 0x46, 0x78, 0x63, 0x2B, 0xB0, 0x80, 0xB8, 0x30, 0x24, 0x90, 0xDD, 0x7A, 0x72, 0x3B, 0x19, 0x3F, 0xFD,
0xFD, 0x28, 0x4E, 0x76, 0xB8, 0x94, 0x32, 0xFE, 0x1C, 0xE7, 0xC9, 0xFC, 0x25, 0x66, 0x22, 0xEB, 0x1F, 0xD3, 0x30, 0xB9, 0x7E,
0x25, 0x21, 0xC2, 0xFB, 0xD6, 0x03, 0x7A, 0x39, 0xE8, 0x1E, 0x7A, 0x61, 0x75, 0xFD, 0x28, 0xFD, 0x66, 0xE6, 0x9D, 0xBF, 0xA2,
0x1B, 0x5B, 0xB6, 0xB7, 0x31, 0xF8, 0x66, 0x0C, 0x22, 0x6F, 0x86, 0x19, 0xD5, 0xF6, 0x1E, 0xE3, 0xC2, 0xFC, 0x86, 0x0B, 0xCF,
0xDF, 0xC3, 0xB0, 0xF9, 0x1B, 0x58, 0xC6, 0xFF, 0xFC, 0x18, 0x2C, 0x29, 0xB5, 0x97, 0x47, 0x10, 0x1A, 0x32, 0xFA, 0x3B, 0xD2,
0xF9, 0x8C, 0xA2, 0xFF, 0x0B, 0x27, 0xEF, 0xD7, 0xDF, 0x91, 0xAF, 0x89, 0xC2, 0x6F, 0xB6, 0xCB, 0xE1, 0x4A, 0x83, 0xBB, 0xD9,
0x6E, 0xBD, 0xAD, 0xCA, 0xF0, 0xF7, 0xBE, 0xD5, 0x71, 0xF9, 0xEF, 0xF2, 0x6C, 0xD9, 0x91, 0x20, 0x96, 0xE6, 0xE4, 0x22, 0x82,
0x13, 0x6A, 0x2C, 0xE7, 0x81, 0x87, 0xB6, 0xB3, 0x92, 0xCC, 0x63, 0x1A, 0x67, 0xD5, 0x12, 0xD3, 0x53, 0x92, 0x0B, 0x4F, 0x51,
0x68, 0x2C, 0xBC, 0xB6, 0x14, 0xE0, 0x12, 0x60, 0xBA, 0x13, 0xB2, 0x35, 0x28, 0x43, 0x76, 0x99, 0x1B, 0xA5, 0x32, 0x81, 0xA8,
0x50, 0x52, 0xA6, 0x8C, 0x9D, 0xE0, 0xB5, 0x90, 0x66, 0x56, 0xCC, 0x3C, 0x01, 0xE1, 0xEB, 0x52, 0xE6, 0x2B, 0x83, 0x95, 0xC3,
0xC9, 0x34, 0xC2, 0x98, 0xC5, 0x15, 0x6D, 0x71, 0x28, 0xAD, 0x32, 0x61, 0x55, 0x48, 0x73, 0xB1, 0xB1, 0x74, 0x55, 0xEA, 0xDD,
0xCB, 0x34, 0x06, 0x72, 0xE7, 0xF6, 0xFC, 0xDC, 0xD9, 0x6F, 0x71, 0x45, 0x98, 0x21, 0x6D, 0x5A, 0x51, 0xAC, 0x46, 0x6F, 0x7E,
0x59, 0x68, 0x3E, 0xB2, 0x06, 0x90, 0xFF, 0x6E, 0xD8, 0x8E, 0xD3, 0xEB, 0x45, 0xB5, 0x12, 0x8F, 0x7C, 0x3D, 0x98, 0x06, 0x40,
0xD7, 0x85, 0x6C, 0x00, 0xF5, 0x47, 0x21, 0x1A, 0xB7, 0x95, 0x6B, 0x40, 0x75, 0x81, 0x68, 0x3C, 0xC6, 0x9A, 0x21, 0x45, 0x22,
0xAB, 0x56, 0x57, 0x17, 0xB7, 0xDB, 0xB2, 0x72, 0xCA, 0x12, 0x48, 0xA4, 0xC8, 0xB4, 0xB6, 0xA3, 0x60, 0x47, 0x13, 0x41, 0xAB,
0xCE, 0xA2, 0x94, 0xD3, 0xAA, 0x50, 0xF4, 0x03, 0xBA, 0x0E, 0xAA, 0x56, 0x61, 0x60, 0x81, 0x87, 0x87, 0x90, 0x4E, 0xFD, 0xA9,
0xC3, 0x5A, 0xAF, 0x14, 0xAF, 0x3B, 0x4D, 0xE4, 0x69, 0x0E, 0x83, 0x73, 0x43, 0xD4, 0x8D, 0x5A, 0x18, 0xB9, 0x85, 0xF0, 0x2D,
0xB3, 0x32, 0x4E, 0xE0, 0xB8, 0x01, 0x93, 0xC2, 0xC4, 0x21, 0x5B, 0x9D, 0x8C, 0x6B, 0xD1, 0x45, 0x13, 0xCD, 0xE0, 0x0E, 0xA3,
0x45, 0x5A, 0x80, 0xE5, 0x8E, 0x4E, 0xC9, 0x02, 0xC6, 0x23, 0x73, 0xF0, 0xA7, 0x30, 0xB8, 0xC7, 0xD8, 0x81, 0x2E, 0xD9, 0x1E,
0x0C, 0xCC, 0x16, 0x54, 0xEE, 0xD8, 0xBC, 0xF7, 0x5A, 0xBD, 0xCA, 0x11, 0xAC, 0x84, 0x5F, 0x3F, 0x0A, 0x95, 0x41, 0xAE, 0x1A,
0x8C, 0xA6, 0xC7, 0xAA, 0x6C, 0xCC, 0xAE, 0x28, 0xAB, 0xC1, 0x3E, 0xB0, 0x8E, 0xCB, 0x4C, 0x2C, 0x56, 0x6B, 0x30, 0xB7, 0x76,
0xE8, 0xF5, 0x88, 0x29, 0x99, 0xD9, 0x2A, 0xA4, 0xA8, 0xC9, 0x19, 0x2C, 0x0D, 0xB1, 0xAB, 0xF2, 0xB0, 0xA9, 0x40, 0x95, 0xCA,
0xCB, 0x35, 0x57, 0xA4, 0x84, 0xC1, 0x43, 0xB4, 0xCB, 0xF2, 0x22, 0x6A, 0x1A, 0x1F, 0xEA, 0xEA, 0x60, 0xAB, 0x00, 0x42, 0x27,
0x4D, 0x23, 0x63, 0x31, 0x62, 0xDA, 0xB3, 0x3D, 0x58, 0x6C, 0x99, 0x0A, 0xE0, 0xA2, 0x8A, 0x6A, 0x1C, 0xD4, 0x86, 0xAC, 0x01,
0xB6, 0x99, 0x13, 0x4D, 0xC9, 0xD0, 0x1E, 0x67, 0x62, 0x19, 0x96, 0xDC, 0xB9, 0xFA, 0xB1, 0xA8, 0x26, 0x15, 0x99, 0xA7, 0xAF,
0xEC, 0x72, 0x83, 0xA9, 0xAA, 0xC6, 0x8C, 0x36, 0x4D, 0x96, 0x26, 0xA5, 0xFC, 0x0C, 0x75, 0x4D, 0x31, 0xE1, 0x96, 0x16, 0x13,
0xE1, 0x2A, 0x99, 0x01, 0xAB, 0xC8, 0xA0, 0x50, 0xDB, 0x69, 0xDE, 0x67, 0x86, 0xB0, 0x64, 0x9E, 0xD3, 0x1A, 0xAF, 0xB3, 0xE0,
0x30, 0x9C, 0xB0, 0x4B, 0x9B, 0xBB, 0xE8, 0x49, 0x79, 0x84, 0xB1, 0x80, 0x81, 0x9A, 0x96, 0xA1, 0xB3, 0x2B, 0x62, 0x46, 0x4B,
0xAD, 0x6A, 0x91, 0x15, 0xA3, 0xAE, 0x4D, 0xB6, 0x5A, 0x0E, 0x8B, 0xB2, 0x47, 0xF4, 0x83, 0xD9, 0x7F, 0x29, 0x4D, 0xC6, 0x6A,
0x70, 0x5A, 0x28, 0x6A, 0x3D, 0x4C, 0x9A, 0x3C, 0xE3, 0xBA, 0x60, 0x4A, 0x19, 0x26, 0x6C, 0x20, 0xA3, 0x90, 0x22, 0x51, 0xB2,
0xC2, 0x55, 0xB0, 0x36, 0x3D, 0x77, 0xC4, 0x4A, 0x60, 0x3F, 0x16, 0x15, 0xEC, 0x7D, 0x52, 0x72, 0x33, 0x34, 0xEB, 0x1A, 0xAF,
0x62, 0xC0, 0xB3, 0xD8, 0x8A, 0xCD, 0xE8, 0x69, 0x86, 0xBD, 0x56, 0xB7, 0xCA, 0x24, 0x6D, 0x83, 0xDA, 0x74, 0x5B, 0x28, 0x74,
0xFB, 0x06, 0x10, 0x91, 0xD5, 0x61, 0x3D, 0x2A, 0xCF, 0xBD, 0xE5, 0xC1, 0x99, 0xF7, 0x11, 0x3F, 0x4A, 0xD4, 0x5D, 0x66, 0x88,
0xE8, 0xEC, 0x96, 0x85, 0x9F, 0xAA, 0xB7, 0x98, 0x57, 0xD6, 0xB8, 0xB0, 0xF6, 0xED, 0xE7, 0xE6, 0x1D, 0x93, 0x2F, 0xEF, 0x34,
0x5A, 0xF9, 0x99, 0x76, 0x8A, 0x0A, 0x50, 0x96, 0x2F, 0x00, 0xA3, 0x42, 0x3F, 0xCD, 0xF8, 0xAB, 0x5D, 0x2D, 0x0D, 0xEC, 0xD6,
0xEC, 0x74, 0x51, 0x7D, 0xE5, 0xA4, 0x9C, 0xFC, 0x6C, 0x1B, 0x31, 0x55, 0xE1, 0xAE, 0x39, 0x66, 0x71, 0xE1, 0xB1, 0x3E, 0x6A,
0x96, 0x9A, 0xC2, 0x3E, 0x6E, 0xFE, 0xCD, 0x1C, 0x79, 0xA9, 0x43, 0xD6, 0xC7, 0x6E, 0xAA, 0x8E, 0x6B, 0x30, 0x50, 0x31, 0x0E,
0x0D, 0x07, 0x42, 0x5D, 0x6E, 0x61, 0xBF, 0x22, 0x4F, 0x45, 0x13, 0x64, 0xD0, 0x0C, 0x03, 0x96, 0xAA, 0x6C, 0x18, 0x37, 0x70,
0x1C, 0x30, 0xD2, 0x62, 0x20, 0x65, 0x09, 0x18, 0xC8, 0xDC, 0x4B, 0xB3, 0xE0, 0x49, 0x9C, 0x57, 0x03, 0xE8, 0x50, 0x1C, 0x44,
0xCB, 0x43, 0x91, 0x5C, 0x8D, 0x66, 0x2A, 0xA8, 0xDC, 0x7E, 0x0A, 0x87, 0xF4, 0x9A, 0x35, 0xAE, 0x0B, 0x26, 0x84, 0x27, 0x49,
0xE0, 0x3B, 0xDC, 0x88, 0x4D, 0x94, 0xA1, 0x79, 0xD2, 0x9A, 0x2A, 0x1C, 0xF0, 0x79, 0x79, 0x43, 0xCD, 0x5E, 0xB3, 0x3D, 0x6B,
0x10, 0x3E, 0x7B, 0x5F, 0x4B, 0xB4, 0x34, 0xEB, 0x2C, 0xFB, 0x89, 0xAE, 0xA4, 0x18, 0x8E, 0x4F, 0x13, 0x91, 0x3E, 0x89, 0xE1,
0x94, 0x1D, 0x8F, 0x02, 0x83, 0x11, 0x1A, 0x71, 0x03, 0x96, 0xD1, 0x20, 0xB7, 0x6E, 0x89, 0x73, 0x64, 0xDB, 0x36, 0xA2, 0xCA,
0x90, 0x02, 0x8C, 0xB0, 0xDB, 0xEE, 0x98, 0x7E, 0x85, 0x57, 0x3E, 0x5C, 0x5E, 0xFF, 0xF1, 0x92, 0x58, 0x54, 0x83, 0xCC, 0x29,
0x43, 0x47, 0xA2, 0x45, 0xAB, 0x69, 0x94, 0xE1, 0x4E, 0xA8, 0xC3, 0x24, 0xC9, 0xB3, 0x3C, 0xF5, 0xE6, 0x2E, 0xFD, 0xDA, 0xAE,
0x0C, 0x19, 0xD2, 0xF2, 0x4E, 0xB7, 0x3A, 0xAA, 0x4E, 0x53, 0xD1, 0x68, 0x1A, 0x8D, 0xB9, 0x94, 0xA3, 0x75, 0x6A, 0xC9, 0xA1,
0xB2, 0x65, 0x35, 0x55, 0xAE, 0x35, 0x3B, 0x89, 0xA0, 0x00, 0x6D, 0xEE, 0x45, 0x7E, 0x07, 0x1A, 0xF5, 0xDA, 0x30, 0xD6, 0xCE,
0x6A, 0xF5, 0x66, 0xB1, 0x47, 0xEB, 0xC4, 0xDB, 0x59, 0xC1, 0x20, 0x5E, 0x8E, 0xF3, 0x94, 0x85, 0x34, 0x61, 0xB7, 0x2E, 0x76,
0x6E, 0x7E, 0x62, 0xB0, 0x69, 0x48, 0xA2, 0xE6, 0x35, 0x42, 0x2F, 0x3E, 0x81, 0xC2, 0xD0, 0xD6, 0x11, 0xF7, 0xB3, 0xE6, 0x9E,
0x52, 0x14, 0x1F, 0x93, 0xB6, 0x12, 0x18, 0x08, 0x2F, 0x5C, 0x9A, 0x72, 0x7A, 0x4F, 0xB4, 0x23, 0x41, 0xEC, 0xF7, 0x09, 0xDD,
0x20, 0x90, 0x60, 0x3C, 0x8C, 0x1F, 0x42, 0xE7, 0xA6, 0x22, 0x37, 0x35, 0xBB, 0x0F, 0x9A, 0x56, 0xE6, 0xFE, 0xDF, 0xF0, 0x0A,
0x1D, 0xC0, 0xD5, 0x0E, 0xD1, 0x77, 0x20, 0xEE, 0x3D, 0xC1, 0x7C, 0xC1, 0xB2, 0x57, 0x68, 0xB9, 0xA8, 0xD0, 0x15, 0x8E, 0x7E,
0x56, 0x1D, 0x53, 0x59, 0xBF, 0xF6, 0x8A, 0x9E, 0xE9, 0x7E, 0x45, 0x2A, 0x64, 0xD4, 0xFC, 0xF7, 0x36, 0x14, 0x22, 0x86, 0xFE,
0xBF, 0x0A, 0xE8, 0x0D, 0x34, 0xFC, 0x02, 0x6B, 0x56, 0x9E, 0x0F, 0x84, 0x5E, 0x18, 0x83, 0xEF, 0x91, 0xA2, 0xC5, 0x7D, 0x31,
0x14, 0x51, 0x96, 0x43, 0x59, 0xD1, 0xD9, 0xB7, 0x4A, 0xAB, 0xEF, 0xD1, 0x6B, 0x9E, 0x56, 0xAD, 0x39, 0x71, 0x41, 0x37, 0x5E,
0x60, 0xC2, 0x03, 0x4C, 0x09, 0x01, 0xFC, 0xC6, 0xF7, 0x61, 0x78, 0xC0, 0x76, 0x88, 0x47, 0x5B, 0xA6, 0x9D, 0xA9, 0x6B, 0xD1,
0x9D, 0x2F, 0xB2, 0x69, 0x9B, 0xB5, 0xD2, 0xB1, 0xB9, 0xDB, 0x00, 0xFC, 0x67, 0x5E, 0x48, 0x93, 0x08, 0x91, 0xD1, 0x34, 0x4D,
0x62, 0x90, 0xF0, 0x27, 0x21, 0x88, 0xE4, 0x24, 0x49, 0xFD, 0x20, 0x35, 0x8E, 0xBA, 0x25, 0xE4, 0x2C, 0x01, 0xF6, 0xD1, 0xF6,
0xBA, 0x84, 0xD9, 0xAA, 0x3C, 0x8A, 0x72, 0x17, 0x73, 0x04, 0xC3, 0x46, 0x00, 0xAB, 0xD6, 0x4B, 0x83, 0xF6, 0x90, 0xBE, 0xEC,
0xC8, 0xC8, 0x37, 0x57, 0xEA, 0x34, 0xF4, 0x03, 0x89, 0xB0, 0x98, 0xFB, 0x19, 0xAE, 0xB4, 0x4C, 0xB5, 0x38, 0xAB, 0x5B, 0xA6,
0x95, 0xB9, 0x8B, 0xB8, 0xB0, 0x46, 0x0C, 0xBE, 0x6E, 0xB7, 0x5A, 0x83, 0xBF, 0x6B, 0xB1, 0x68, 0xFF, 0x0E, 0xEC, 0xDD, 0x8A,
0x46, 0x9B, 0xE1, 0xCA, 0x56, 0x6E, 0x5D, 0x36, 0x6F, 0xCD, 0x12, 0x5E, 0xCB, 0xEC, 0xAD, 0xCD, 0x5E, 0x13, 0xC3, 0x2F, 0x33,
0x59, 0x35, 0x67, 0xFA, 0x7A, 0x34, 0xEC, 0x7A, 0x71, 0xB0, 0x1A, 0xDF, 0xBE, 0x0C, 0x2F, 0x2E, 0xB8, 0xB1, 0xD4, 0x83, 0x42,
0x10, 0x15, 0xEF, 0x40, 0xCA, 0x84, 0xC5, 0x4E, 0x2F, 0x94, 0xA0, 0x19, 0x82, 0x0A, 0x7E, 0x65, 0xE1, 0x1F, 0x05, 0x4D, 0x5B,
0xD9, 0x47, 0xD5, 0x0C, 0x68, 0x0B, 0xB9, 0x6A, 0x29, 0x37, 0x59, 0xCC, 0x05, 0xFE, 0x4C, 0x71, 0xFD, 0xE1, 0x8B, 0x67, 0xDC,
0x05, 0xFC, 0x69, 0xE2, 0xF9, 0x81, 0xEF, 0x54, 0x2C, 0x53, 0xC9, 0x59, 0xD6, 0x12, 0xD2, 0x28, 0x7D, 0x3D, 0x98, 0x87, 0x3F,
0x04, 0xCB, 0x8A, 0x8F, 0x06, 0xAE, 0xA5, 0x6F, 0x22, 0x59, 0xAE, 0xFD, 0xAB, 0x9C, 0x4E, 0xB7, 0xA2, 0x61, 0x6B, 0x04, 0xD8,
0xDB, 0x56, 0x9F, 0xDB, 0x9D, 0x80, 0xD2, 0x5A, 0xFD, 0xC2, 0x34, 0xD2, 0x7A, 0x5F, 0x78, 0xDF, 0x67, 0xE9, 0xC8, 0x4A, 0x80,
0x68, 0x4F, 0x61, 0xAB, 0xEF, 0xC9, 0xCC, 0x9B, 0xA8, 0x73, 0x01, 0xDF, 0x5C, 0x5A, 0x0F, 0x2D, 0x2E, 0x36, 0x87, 0x77, 0xD6,
0x31, 0x2A, 0x4E, 0xBF, 0x9E, 0x4F, 0x52, 0x40, 0xED, 0xF3, 0x24, 0xC7, 0xD8, 0x28, 0xAB, 0x85, 0xD6, 0xA1, 0x5E, 0x77, 0x6F,
0xE9, 0x8D, 0x26, 0x34, 0x7C, 0x06, 0xFD, 0x03, 0xDE, 0x3B, 0x1D, 0x37, 0x89, 0xA5, 0x13, 0x95, 0xD5, 0x32, 0x5C, 0x32, 0x41,
0x41, 0x01, 0x32, 0xB9, 0xA2, 0x78, 0x20, 0x0E, 0x4A, 0xCD, 0x99, 0x3F, 0x50, 0x36, 0x0D, 0x5D, 0x9B, 0x79, 0x71, 0x48, 0x83,
0x9B, 0xA9, 0xF5, 0x9C, 0xB7, 0x9E, 0x91, 0xF6, 0x33, 0xEF, 0x63, 0x40, 0x26, 0x51, 0x32, 0xF4, 0xA2, 0x68, 0x49, 0x3C, 0xEA,
0x45, 0x10, 0xA2, 0xDB, 0x2E, 0x4A, 0x24, 0x61, 0x8C, 0xD1, 0x98, 0x5C, 0x53, 0x92, 0x66, 0x5C, 0x91, 0x76, 0x06, 0x82, 0x45,
0x72, 0xE6, 0xA6, 0xC1, 0x2C, 0x39, 0x0D, 0x10, 0xF8, 0x13, 0x2A, 0x5F, 0x10, 0x1A, 0xAA, 0xF5, 0x9C, 0xC6, 0x96, 0xD1, 0x6B,
0x0C, 0x74, 0x5E, 0x20, 0x86, 0xF7, 0x56, 0x94, 0x7B, 0xEF, 0x66, 0x73, 0x1A, 0x64, 0x46, 0x8B, 0x77, 0xC9, 0xC6, 0x55, 0x96,
0x48, 0x31, 0x62, 0xDE, 0x3D, 0xEC, 0x9C, 0xE0, 0x59, 0xA2, 0x83, 0xBC, 0x1D, 0x3F, 0x4C, 0x6D, 0x1B, 0x17, 0xFD, 0x4A, 0xBE,
0xC5, 0xCF, 0xE4, 0x3E, 0xCB, 0xFC, 0x21, 0xBF, 0xDA, 0xDF, 0xAB, 0x0C, 0xB3, 0xB6, 0xEC, 0x6A, 0x9C, 0xEE, 0x58, 0xC3, 0x66,
0x3D, 0x7D, 0xE0, 0x6F, 0x07, 0xEF, 0x77, 0xEB, 0xD8, 0x8D, 0x5C, 0x9E, 0xF5, 0xA7, 0x8B, 0x99, 0xC7, 0x4D, 0x33, 0xA4, 0x89,
0xB4, 0x12, 0x33, 0xB6, 0x38, 0x52, 0xB1, 0x8C, 0x2F, 0xEB, 0x6B, 0xCF, 0xF9, 0x6B, 0x83, 0xE0, 0xD1, 0x1C, 0x84, 0xA8, 0x33,
0xBA, 0x06, 0xE9, 0x6E, 0x2B, 0x87, 0x7F, 0x31, 0x6F, 0x0E, 0x09, 0x14, 0xBB, 0x80, 0x19, 0xE3, 0xED, 0x30, 0x8F, 0x1A, 0x8A,
0xAD, 0x8E, 0x55, 0xAB, 0x2F, 0xE7, 0xF8, 0x6E, 0x10, 0x5F, 0xEA, 0x83, 0xA8, 0x93, 0x07, 0x4F, 0x83, 0x89, 0x37, 0x2A, 0xF4,
0xA5, 0x4A, 0x01, 0xF4, 0xF5, 0xB2, 0x7C, 0x68, 0x18, 0xD0, 0xF6, 0x81, 0x0E, 0x8C, 0x02, 0x41, 0x81, 0x98, 0x8D, 0x67, 0x87,
0x79, 0xA4, 0x88, 0x28, 0xB6, 0x8B, 0x0F, 0x55, 0x71, 0x6C, 0xB5, 0xE1, 0xBE, 0x25, 0xBF, 0xBC, 0xEC, 0x44, 0x89, 0xAC, 0xEB,
0x2B, 0x66, 0xA9, 0x82, 0x90, 0xF9, 0x4D, 0x21, 0x27, 0xCB, 0x79, 0xC0, 0x3C, 0x77, 0x59, 0x0D, 0x76, 0x37, 0x48, 0x86, 0x9B,
0x79, 0xDB, 0xE1, 0x9B, 0x4F, 0x0F, 0x0B, 0x39, 0x7A, 0x2B, 0x0A, 0x00, 0x6A, 0xD9, 0xD1, 0x42, 0x36, 0x1D, 0x6B, 0x3A, 0x0B,
0xFC, 0xF2, 0x84, 0x26, 0x95, 0x5C, 0x39, 0xB9, 0x12, 0x59, 0x68, 0x19, 0xE6, 0xA1, 0xB2, 0x80, 0x53, 0x7C, 0xC2, 0xD5, 0xAD,
0xD8, 0x80, 0x64, 0x23, 0x39, 0x4D, 0x98, 0xAC, 0x04, 0xC6, 0xB4, 0x8C, 0xFB, 0xC0, 0xA4, 0x0C, 0x7D, 0xAB, 0x73, 0xF3, 0x99,
0x57, 0x82, 0x95, 0xF9, 0xE4, 0x15, 0xC7, 0x2F, 0xBD, 0xE7, 0xDF, 0x42, 0xCB, 0x7D, 0x6F, 0xBF, 0xB5, 0x56, 0x98, 0xA5, 0xEA,
0x36, 0xE5, 0x88, 0xA6, 0xF8, 0x32, 0x63, 0xAE, 0x58, 0x0E, 0xF5, 0xBA, 0x5A, 0x8F, 0x08, 0xD5, 0x8D, 0xFB, 0xD2, 0x84, 0x78,
0x66, 0xE7, 0x16, 0x35, 0x31, 0xAB, 0xF2, 0x72, 0x97, 0x3B, 0xD1, 0x80, 0x2A, 0xD6, 0xC6, 0x16, 0xC2, 0x27, 0xEB, 0xA0, 0x4C,
0x0E, 0x14, 0x30, 0x6F, 0x2F, 0x90, 0xB9, 0xBF, 0xDE, 0x7D, 0x20, 0x34, 0xF2, 0xE0, 0x41, 0x49, 0x86, 0xF5, 0x01, 0xFF, 0x42,
0x18, 0xBB, 0x74, 0xB0, 0xFF, 0x3C, 0xC4, 0x4B, 0x5C, 0x4D, 0xE4, 0x97, 0x51, 0x9D, 0x0D, 0xF0, 0xA9, 0xB9, 0x28, 0x0A, 0xFF,
0x41, 0xFE, 0xA4, 0x2F, 0xAA, 0x86, 0xE9, 0xBB, 0x94, 0x74, 0xC9, 0x3A, 0x7B, 0xA2, 0xF0, 0xE3, 0x94, 0xDE, 0x2F, 0x81, 0x0D,
0xC8, 0xCF, 0xE2, 0x68, 0x79, 0x63, 0x8F, 0x6C, 0xDD, 0xAE, 0xA2, 0x1A, 0xE3, 0xA2, 0x0B, 0x9B, 0x4A, 0xD4, 0xE6, 0xEB, 0x77,
0x85, 0x7C, 0x5E, 0x5A, 0xE4, 0xE6, 0x60, 0x75, 0x26, 0x2E, 0xE7, 0xA1, 0x97, 0x02, 0xDF, 0x01, 0x69, 0x2D, 0x0F, 0x48, 0x9B,
0xED, 0x51, 0x1D, 0xE7, 0x0A, 0xC9, 0xB1, 0x64, 0xF4, 0x81, 0x14, 0xFA, 0x30, 0x10, 0x33, 0xA4, 0xBE, 0x11, 0x28, 0xBC, 0x4F,
0xB6, 0x36, 0x6B, 0x31, 0x28, 0x5F, 0x05, 0xF2, 0xFB, 0x63, 0x70, 0xA3, 0x01, 0x06, 0x6D, 0x77, 0x8C, 0x5E, 0x1F, 0x02, 0x8F,
0x4F, 0x47, 0x1A, 0x02, 0xD9, 0x9B, 0x75, 0x10, 0x28, 0xDF, 0x95, 0x52, 0xAD, 0x98, 0x6F, 0xC0, 0xAC, 0x80, 0x7D, 0xC4, 0xB8,
0xE3, 0x2E, 0x22, 0x9F, 0x46, 0xD4, 0xD1, 0xF0, 0x79, 0x58, 0xE1, 0xF4, 0x9E, 0x66, 0x59, 0x58, 0x5A, 0xC1, 0xD7, 0x6D, 0xA7,
0x9A, 0xB2, 0x3D, 0x45, 0x9D, 0x63, 0x6C, 0xAA, 0x7B, 0xB5, 0x8C, 0xCF, 0x10, 0x25, 0xD6, 0xE1, 0x56, 0x65, 0x5A, 0xDC, 0xE6,
0xBB, 0xC4, 0x5A, 0x6C, 0xAC, 0x08, 0xAA, 0xA7, 0x39, 0x73, 0x4F, 0xBC, 0x89, 0x60, 0x64, 0xB9, 0x37, 0xF9, 0xA7, 0x96, 0xB5,
0x45, 0x2D, 0xFB, 0x2A, 0x88, 0x9E, 0xD3, 0x80, 0xC6, 0x3D, 0x9E, 0x0B, 0x99, 0x19, 0xDC, 0xA3, 0x64, 0x42, 0x3D, 0xAE, 0x5D,
0x4C, 0xD3, 0xA0, 0xA7, 0x1C, 0xAB, 0xC7, 0x62, 0xD1, 0x07, 0x43, 0x91, 0x04, 0x87, 0xB7, 0x7F, 0x2C, 0xA0, 0xE5, 0x05, 0x9B,
0x20, 0x2A, 0x2B, 0xB3, 0xD2, 0x78, 0x87, 0x03, 0xD6, 0xEF, 0x52, 0x03, 0x25, 0xE1, 0x72, 0x06, 0x92, 0x42, 0x90, 0xA9, 0x30,
0x34, 0x11, 0xF5, 0xFE, 0x70, 0xFF, 0x15, 0x2F, 0x4C, 0x87, 0xB1, 0x83, 0x21, 0xBD, 0xEF, 0xE2, 0x9B, 0x9F, 0xD4, 0xD1, 0x5D,
0xBC, 0x8B, 0xDF, 0xC5, 0x1F, 0xBA, 0xA5, 0xEC, 0xC0, 0x69, 0xC4, 0x77, 0x6A, 0xD4, 0x4F, 0xB5, 0x1B, 0xDD, 0x5E, 0xA5, 0x90,
0xB3, 0x6B, 0xE6, 0xA7, 0xC0, 0xA8, 0xE3, 0xC7, 0x67, 0xFC, 0xFB, 0x71, 0x10, 0x5C, 0x6D, 0x4F, 0x5F, 0x47, 0xD0, 0xB1, 0xB4,
0xBC, 0x62, 0xC3, 0x5D, 0x27, 0x99, 0x49, 0x25, 0x86, 0xBA, 0x34, 0xC1, 0x89, 0x91, 0xDF, 0x84, 0xA6, 0x37, 0x31, 0xB3, 0x9B,
0x7C, 0xFE, 0xE4, 0x26, 0x36, 0x21, 0xAD, 0x71, 0x42, 0x13, 0x1E, 0xA8, 0xC0, 0x73, 0x98, 0xD0, 0xBC, 0x25, 0xA2, 0xB9, 0xEB,
0x4C, 0x56, 0x42, 0x89, 0x1D, 0x55, 0xFE, 0x68, 0x26, 0xF9, 0x03, 0xB2, 0x95, 0x14, 0x47, 0x09, 0xCA, 0x73, 0x44, 0xFB, 0x8D,
0xF3, 0x96, 0x54, 0x51, 0x20, 0xC8, 0x46, 0x87, 0x8B, 0x0C, 0x83, 0x50, 0x50, 0x47, 0xD2, 0xA6, 0xC1, 0xFC, 0x97, 0x14, 0xFA,
0x3E, 0x58, 0xEF, 0x7D, 0x86, 0x6D, 0xA2, 0x9F, 0x01, 0xF8, 0xAC, 0x7F, 0xF3, 0x13, 0x85, 0xCE, 0x62, 0x25, 0x9A, 0xCF, 0x8A,
0x99, 0xD5, 0x40, 0x3B, 0x49, 0x99, 0x19, 0x0D, 0x06, 0xD5, 0xDF, 0xA9, 0x68, 0x30, 0xB0, 0x4C, 0x96, 0x6D, 0x7B, 0xBC, 0xAA,
0xD4, 0x5A, 0x76, 0x99, 0x32, 0xEB, 0x28, 0x89, 0x19, 0xBB, 0x57, 0xE4, 0x70, 0x81, 0x83, 0x83, 0x34, 0xF5, 0x96, 0x6E, 0x98,
0xD1, 0xBF, 0x6D, 0x5E, 0x81, 0xAD, 0xC3, 0x0E, 0x26, 0xC7, 0x53, 0xDE, 0x08, 0x31, 0x00, 0x0F, 0xB7, 0x9B, 0x35, 0x18, 0x63,
0xE3, 0x55, 0xAA, 0xAA, 0xCA, 0x1F, 0x1B, 0xFA, 0xD4, 0xE2, 0x1B, 0xEF, 0x57, 0xC8, 0x5D, 0x57, 0xC3, 0xFF, 0x85, 0xE1, 0x90,
0xAE, 0xA5, 0x91, 0x90, 0x57, 0x4C, 0x52, 0x7B, 0x98, 0x62, 0x0A, 0x11, 0x4A, 0x8C, 0xA8, 0x11, 0xA1, 0xF1, 0xFD, 0x40, 0x79,
0x74, 0x3C, 0xFC, 0x3C, 0xA5, 0xDA, 0x5D, 0x56, 0xD1, 0x56, 0xFD, 0xC8, 0xEA, 0xC7, 0x65, 0xA5, 0xAA, 0x8B, 0x26, 0x69, 0x29,
0x4A, 0x1F, 0x36, 0x33, 0xDE, 0x74, 0x91, 0xB1, 0x94, 0x10, 0x96, 0xA4, 0x25, 0xF6, 0x10, 0x51, 0x11, 0xF8, 0x46, 0x55, 0xAD,
0x05, 0xED, 0x6A, 0xAB, 0x5E, 0x40, 0x55, 0x5D, 0xEC, 0x79, 0xA5, 0x4E, 0x55, 0x00, 0x36, 0x75, 0xB3, 0x15, 0x55, 0x77, 0xAB,
0xCA, 0xD8, 0x02, 0xB4, 0x2F, 0x91, 0x19, 0xC4, 0x98, 0x2A, 0x23, 0x3F, 0x08, 0xB1, 0xE4, 0x5C, 0x13, 0xBD, 0xEB, 0x1A, 0xF5,
0xBB, 0xFA, 0xE4, 0x76, 0xF5, 0xF9, 0x54, 0x0C, 0x74, 0x55, 0xB9, 0x47, 0x6A, 0xB3, 0x8F, 0xD8, 0x96, 0x8B, 0x04, 0xC9, 0x70,
0x1F, 0x5E, 0x8D, 0x16, 0xA7, 0x1E, 0xCD, 0x3A, 0x0B, 0xAB, 0xED, 0x9B, 0xB1, 0xE5, 0x9C, 0x4C, 0x03, 0x02, 0x65, 0x09, 0x92,
0x45, 0x99, 0xA3, 0x88, 0x2C, 0x93, 0x05, 0xE1, 0xB7, 0xFB, 0xC2, 0x0B, 0x71, 0x04, 0x18, 0xA2, 0xCE, 0x1E, 0x93, 0xA9, 0x3B,
0x0D, 0xD2, 0xD8, 0xDA, 0x7C, 0x73, 0x4D, 0xDA, 0x66, 0xA8, 0xF1, 0x65, 0xD2, 0x96, 0x7D, 0x7F, 0xB9, 0x87, 0x91, 0x96, 0x19,
0x88, 0x66, 0x55, 0x45, 0xF7, 0x90, 0x02, 0x30, 0x2E, 0x74, 0x06, 0x49, 0xCF, 0x22, 0xB4, 0x96, 0x2B, 0x2F, 0xB2, 0x5C, 0x0D,
0x4E, 0xD5, 0xC0, 0x54, 0x04, 0x4B, 0x77, 0xB8, 0x8A, 0xDC, 0x45, 0xB2, 0xA3, 0xB5, 0x3E, 0x6D, 0xD5, 0xC0, 0x75, 0xDB, 0x83,
0x71, 0x81, 0x00, 0x33, 0xD9, 0x98, 0x76, 0x1C, 0xC3, 0xA1, 0x04, 0xA3, 0xD5, 0x68, 0x8A, 0x6F, 0x5A, 0x83, 0x26, 0x1A, 0x87,
0xD1, 0xB5, 0x6B, 0x74, 0x16, 0x70, 0xEE, 0xAC, 0x3E, 0x8F, 0x77, 0x74, 0xF6, 0x82, 0xC6, 0x31, 0x05, 0xFE, 0x86, 0x5E, 0x02,
0x79, 0xB1, 0x5C, 0x60, 0x53, 0x96, 0x01, 0x18, 0x9E, 0xE2, 0xF4, 0x04, 0xD0, 0x83, 0x5D, 0xD5, 0xE7, 0x2D, 0x4E, 0x59, 0x68,
0x2C, 0x43, 0xA0, 0xBD, 0x04, 0x8F, 0xC0, 0xA8, 0x2B, 0x72, 0x90, 0xE7, 0xFC, 0x9B, 0x92, 0x6B, 0x56, 0xF6, 0x1B, 0x54, 0x02,
0x4F, 0x59, 0xBD, 0xD4, 0x9F, 0x34, 0xAA, 0xB8, 0x61, 0xA1, 0x36, 0x20, 0x8C, 0x20, 0xAB, 0xE8, 0x0F, 0x12, 0x23, 0xFC, 0xE0,
0x67, 0xF4, 0x67, 0xD9, 0x44, 0x14, 0x44, 0xDC, 0x23, 0x42, 0x2B, 0x2A, 0x88, 0x60, 0x90, 0x7A, 0xB0, 0x2F, 0x52, 0x3F, 0x8C,
0x81, 0x1B, 0x38, 0xDD, 0x9A, 0x42, 0x4F, 0xBD, 0x2C, 0xC7, 0x43, 0x87, 0x34, 0xB8, 0x76, 0x15, 0x5A, 0xAC, 0x14, 0x21, 0x2B,
0x18, 0x3A, 0x15, 0x8D, 0x3C, 0x86, 0xA3, 0x06, 0x9F, 0x9C, 0xDA, 0xCE, 0x60, 0xB9, 0xE6, 0x58, 0xA0, 0x8B, 0xF7, 0x79, 0xC2,
0x3B, 0x50, 0x83, 0xE3, 0xC7, 0x1E, 0x1E, 0x33, 0xC7, 0x20, 0xAC, 0x4D, 0xAB, 0x0B, 0x01, 0xA0, 0x51, 0x9A, 0xE0, 0x1D, 0xC2,
0xAB, 0xDA, 0xE6, 0x26, 0xEC, 0xD5, 0x05, 0x1F, 0x96, 0x3A, 0xC6, 0xEA, 0x66, 0xE5, 0x64, 0xCF, 0x55, 0x54, 0xFB, 0x24, 0xA6,
0xD8, 0xA6, 0x38, 0x86, 0x42, 0xEA, 0x12, 0xBE, 0x51, 0xB3, 0x84, 0xCD, 0xCF, 0xCA, 0x1A, 0x36, 0xD6, 0x5F, 0x3E, 0x8E, 0x70,
0x01, 0xDA, 0xC6, 0x03, 0x9F, 0xE4, 0x15, 0x58, 0x51, 0x84, 0x2D, 0x93, 0x9A, 0x49, 0x3B, 0xA1, 0x77, 0x2D, 0xB3, 0x8D, 0x5D,
0x2A, 0x69, 0xB0, 0x4B, 0xEC, 0x06, 0xFC, 0xA9, 0x48, 0x02, 0xC7, 0xFA, 0x60, 0xFB, 0x9E, 0xB3, 0x1E, 0x28, 0x9F, 0x50, 0x90,
0xC1, 0x17, 0x6A, 0xE0, 0x63, 0x75, 0xE2, 0xD7, 0xC2, 0x96, 0x3A, 0x4E, 0xB9, 0xE4, 0x5E, 0x75, 0x13, 0x8A, 0x38, 0xE5, 0x3C,
0xF3, 0xE6, 0x86, 0x75, 0x81, 0xD5, 0xEE, 0xE8, 0x3E, 0x3D, 0x29, 0x8D, 0xA2, 0xA3, 0xD7, 0x81, 0x9D, 0x85, 0x3E, 0x8A, 0xEF,
0xA4, 0x75, 0xEF, 0xDE, 0x5F, 0x5B, 0x9A, 0xDA, 0xB0, 0x88, 0xA1, 0x2A, 0x3D, 0xA1, 0x6D, 0x35, 0x37, 0x06, 0x83, 0xBF, 0xE2,
0x35, 0x62, 0x5D, 0x02, 0xBF, 0xAA, 0x6E, 0x2C, 0x90, 0xF1, 0x50, 0x96, 0x68, 0x1B, 0xCC, 0x4C, 0xBA, 0x2E, 0x1C, 0xF3, 0x47,
0x4A, 0x45, 0x29, 0x73, 0x97, 0x8B, 0x8A, 0x1B, 0xBA, 0xB5, 0x72, 0xC8, 0xE2, 0xE5, 0x62, 0x62, 0x7F, 0x13, 0x45, 0x3A, 0x15,
0x62, 0x90, 0x16, 0x79, 0xB4, 0x86, 0xC4, 0x74, 0x51, 0x7A, 0xCF, 0x35, 0x4B, 0x37, 0x5E, 0xEF, 0x0C, 0xBC, 0x5B, 0x03, 0xCE,
0x96, 0x15, 0xBD, 0xD6, 0xF5, 0x6C, 0xD7, 0x88, 0xC6, 0xC5, 0x9D, 0x99, 0xDF, 0xAA, 0x48, 0xF7, 0xC1, 0x9A, 0xF4, 0x85, 0x95,
0x55, 0x4A, 0xBC, 0x54, 0x1A, 0x37, 0xB0, 0x1C, 0xAE, 0x72, 0xA7, 0x23, 0xF9, 0x64, 0x4B, 0x3B, 0xBF, 0x94, 0x18, 0xB3, 0x0E,
0x04, 0xAE, 0xD5, 0x0A, 0x10, 0x1B, 0x0D, 0x41, 0xC0, 0xEE, 0x57, 0x01, 0x61, 0xB3, 0x7A, 0xEC, 0x22, 0x86, 0x00, 0x57, 0xE7,
0x63, 0xAA, 0xF1, 0xB4, 0x67, 0x6D, 0x7C, 0xE9, 0xE5, 0x20, 0x52, 0xC5, 0x34, 0xF5, 0xCE, 0x3B, 0xFF, 0xD3, 0xD6, 0xC5, 0xC0,
0xFD, 0xB4, 0xD1, 0xBD, 0x30, 0x72, 0xEA, 0x60, 0xD9, 0x1F, 0x3D, 0x94, 0x7E, 0x6E, 0xB2, 0x35, 0x8B, 0x80, 0x99, 0xB7, 0x57,
0xBB, 0x63, 0x3F, 0x2C, 0x61, 0x95, 0x47, 0x5C, 0xE0, 0xDD, 0x13, 0x00, 0xCA, 0x9C, 0x1F, 0x03, 0x7B, 0x0B, 0xA1, 0x28, 0x2C,
0xAA, 0xE2, 0x5A, 0x28, 0x3B, 0xCA, 0x92, 0xEB, 0xF0, 0xB2, 0x96, 0x34, 0xF9, 0x46, 0xA4, 0x93, 0x9C, 0x25, 0xBF, 0x68, 0x42,
0x47, 0x9B, 0x71, 0x06, 0x34, 0x9D, 0xE5, 0xA8, 0x83, 0x50, 0xAB, 0xC2, 0x07, 0xC8, 0x86, 0x6D, 0x5B, 0xC2, 0x45, 0x6D, 0xE1,
0xAD, 0x73, 0x50, 0x59, 0x79, 0x4C, 0xA9, 0x4B, 0xDF, 0x68, 0xB9, 0x01, 0xA1, 0xDA, 0x0F, 0x4F, 0x66, 0x1A, 0xD4, 0x0B, 0x55,
0xB8, 0xEE, 0x69, 0x7A, 0x6E, 0x24, 0xC3, 0x1D, 0x8B, 0xD8, 0xAC, 0x25, 0x11, 0x61, 0x39, 0x00, 0x1C, 0x74, 0x9F, 0xE2, 0x57,
0x01, 0xEB, 0x89, 0x0B, 0x2B, 0x3C, 0x51, 0x25, 0x7F, 0x2A, 0xBA, 0xE0, 0x80, 0x81, 0xA3, 0x17, 0x33, 0xAC, 0x49, 0xB5, 0x01,
0xEE, 0x81, 0x12, 0xB3, 0x7D, 0xC6, 0xC6, 0x89, 0x77, 0xAD, 0x15, 0x46, 0x69, 0x66, 0x29, 0x7F, 0xF4, 0xEA, 0xD8, 0x5E, 0x3C,
0xF2, 0x72, 0x4B, 0x71, 0x38, 0xF1, 0x86, 0xF9, 0xC2, 0xAF, 0x68, 0x22, 0x52, 0x4D, 0xC9, 0xA2, 0x0E, 0x4C, 0x75, 0x4D, 0x25,
0x35, 0x86, 0x5A, 0x65, 0x90, 0xF2, 0x97, 0xDA, 0xDA, 0x47, 0xEA, 0xE0, 0xCA, 0xB7, 0xF6, 0x5A, 0x46, 0xB2, 0xBC, 0x0A, 0x97,
0x5C, 0x7B, 0xED, 0xB1, 0xA8, 0xF5, 0xB6, 0xA2, 0xAB, 0xE4, 0x01, 0xF9, 0xC0, 0x85, 0x57, 0x58, 0xCC, 0xE8, 0x5C, 0x53, 0x51,
0xF0, 0xE2, 0x03, 0xA1, 0xB4, 0xA2, 0xBB, 0xE6, 0xEA, 0xFF, 0x55, 0x65, 0xF9, 0x83, 0x76, 0x84, 0x60, 0xAF, 0xB4, 0xA2, 0x16,
0xE3, 0xAD, 0xBC, 0x17, 0x89, 0x73, 0x0E, 0x93, 0x24, 0x0A, 0xBC, 0xB8, 0xE3, 0xFE, 0x92, 0x84, 0x71, 0x1B, 0x28, 0xD5, 0xB1,
0x64, 0x94, 0xA9, 0xA1, 0xCD, 0x0D, 0x4E, 0x9B, 0xC8, 0xEC, 0x1B, 0xD1, 0xA6, 0xD8, 0xFA, 0x77, 0xEB, 0x4A, 0x4B, 0x4F, 0x6E,
0xCA, 0x7C, 0xF7, 0xDB, 0x7D, 0xD2, 0x7E, 0x8D, 0x42, 0xD7, 0x24, 0xA5, 0x17, 0xAC, 0x71, 0xAC, 0xFD, 0xEB, 0xE1, 0xD3, 0x57,
0xC5, 0xEF, 0x77, 0xED, 0xEF, 0xBF, 0x39, 0x22, 0x18, 0xB7, 0xFC, 0xAE, 0xD3, 0xB9, 0xD9, 0x0F, 0xBB, 0x18, 0xDF, 0x65, 0x6F,
0x08, 0xBB, 0xF1, 0xC4, 0xD7, 0x3B, 0xF6, 0xC4, 0xAF, 0x20, 0x66, 0x00, 0x19, 0x1A, 0xA5, 0x59, 0x80, 0xB4, 0xBD, 0x86, 0x2F,
0x05, 0x28, 0xDB, 0x23, 0x97, 0x1B, 0x2D, 0x35, 0xDA, 0x8C, 0x94, 0x56, 0xB7, 0x6E, 0x89, 0xD1, 0xB2, 0x55, 0x70, 0x2D, 0x74,
0x2A, 0x85, 0xAE, 0xDF, 0x10, 0xA1, 0xEB, 0x48, 0x45, 0xF8, 0x4E, 0xA1, 0xA0, 0xB2, 0xE0, 0xDA, 0x34, 0xAA, 0xC6, 0x6A, 0x03,
0x70, 0x78, 0x30, 0x60, 0x17, 0x05, 0x2E, 0x45, 0x9C, 0x94, 0xFC, 0x80, 0xF7, 0x37, 0xA2, 0x3E, 0xAE, 0xBA, 0xB3, 0xE3, 0x48,
0x28, 0x24, 0xD5, 0xFD, 0xA6, 0xD1, 0x3C, 0x31, 0x05, 0x60, 0xA3, 0x69, 0x62, 0x1B, 0x5E, 0x65, 0x0F, 0x4C, 0x36, 0x54, 0xBC,
0x5C, 0x31, 0xB3, 0x96, 0x9C, 0x95, 0x80, 0x70, 0x71, 0xBE, 0x55, 0xB0, 0x5E, 0x94, 0xE0, 0x18, 0xAF, 0x55, 0xA6, 0x2B, 0x91,
0x2D, 0x55, 0x99, 0xE0, 0xB9, 0x0B, 0x27, 0x6E, 0x94, 0xB5, 0x51, 0x2C, 0x97, 0x8C, 0x35, 0x29, 0xAE, 0x9F, 0x0D, 0xF2, 0x27,
0x23, 0x8A, 0x4F, 0x2E, 0xCD, 0xAA, 0x5E, 0xB1, 0xC5, 0x9D, 0x78, 0xD2, 0xD6, 0x69, 0xE6, 0xA8, 0xE9, 0x5B, 0x72, 0x2F, 0x4D,
0x03, 0x9A, 0x9F, 0x66, 0x63, 0x6B, 0x7E, 0xBE, 0x4B, 0xF4, 0x94, 0x35, 0xBB, 0x68, 0xBD, 0xCE, 0x31, 0x96, 0xA6, 0x07, 0xD2,
0xCE, 0x24, 0xDE, 0x99, 0x85, 0xBE, 0x1F, 0x05, 0xBB, 0xCE, 0x7E, 0x6B, 0xB7, 0xA6, 0xF1, 0x0D, 0x7B, 0xE3, 0x66, 0x8A, 0x9C,
0xCF, 0xD1, 0xF8, 0xA6, 0xBD, 0x71, 0x98, 0xF9, 0xCF, 0xD2, 0xB6, 0x68, 0x4B, 0x71, 0xFC, 0xAB, 0x16, 0x70, 0x8C, 0xD3, 0x93,
0x90, 0x73, 0xAC, 0xFE, 0x8D, 0xF6, 0x8B, 0xD7, 0x35, 0x7F, 0x47, 0x3F, 0x3C, 0x25, 0xA3, 0xC8, 0xCB, 0xB2, 0x3D, 0x07, 0xDD,
0x6C, 0x7A, 0xB3, 0x45, 0x0E, 0xA2, 0xEF, 0x38, 0xCB, 0x7B, 0x21, 0xE6, 0x8B, 0x1F, 0x91, 0xF9, 0x79, 0x6F, 0x8B, 0xCC, 0x97,
0xBD, 0x4D, 0x67, 0xFF, 0x79, 0x42, 0x3D, 0x91, 0x33, 0x0C, 0xC3, 0x62, 0x26, 0x52, 0x0C, 0xA4, 0x28, 0x3B, 0x75, 0xBF, 0x0F,
0xD0, 0xB4, 0x31, 0x5E, 0x22, 0x6E, 0xB5, 0xA6, 0x92, 0x24, 0x9B, 0x6B, 0x96, 0x0D, 0x9B, 0x7D, 0xAC, 0x09, 0x98, 0x9A, 0xC6,
0x9B, 0xE0, 0xAF, 0x65, 0x37, 0xB8, 0x49, 0xE1, 0x79, 0x3C, 0x64, 0x81, 0x46, 0xE7, 0x55, 0x78, 0xCC, 0x2B, 0x96, 0x4E, 0x98,
0x8F, 0xEA, 0x8B, 0xDD, 0xE0, 0x6B, 0xCB, 0x4C, 0x78, 0x07, 0x6F, 0x5D, 0x3A, 0x87, 0xDC, 0x94, 0xD6, 0x42, 0xCF, 0xFB, 0x1E,
0xEE, 0xF8, 0xF3, 0x1E, 0x75, 0x4D, 0xF7, 0x7B, 0xE3, 0x28, 0x38, 0x27, 0x94, 0x18, 0xE9, 0x9B, 0xAC, 0x97, 0xE1, 0xBD, 0x69,
0x2D, 0x2B, 0x28, 0x79, 0x80, 0x1F, 0x6C, 0x7B, 0x96, 0x4C, 0x34, 0x08, 0xB8, 0x97, 0x4D, 0xD3, 0x30, 0xFE, 0xD8, 0x1B, 0x38,
0xFB, 0x37, 0x3F, 0x71, 0x5E, 0x43, 0xC7, 0xEB, 0x52, 0x6E, 0x73, 0xC1, 0xE8, 0xC2, 0xBE, 0xFB, 0x19, 0xB0, 0xA0, 0xDB, 0x67,
0xBD, 0x0D, 0x32, 0x0F, 0x90, 0xE2, 0xEE, 0x67, 0x73, 0x2F, 0x16, 0x9F, 0x67, 0x41, 0x6F, 0x03, 0x5F, 0xE5, 0x29, 0x88, 0xC3,
0xD0, 0x52, 0x71, 0xFD, 0x01, 0x34, 0xC0, 0x5F, 0xC2, 0x0F, 0xA8, 0xB0, 0x5F, 0xBD, 0xD1, 0x2A, 0x00, 0x87, 0x9E, 0x3F, 0x09,
0xC8, 0x70, 0xD2, 0xCB, 0x02, 0xE8, 0xB1, 0xEF, 0xA5, 0x4B, 0x47, 0x80, 0x45, 0x56, 0x7A, 0xB1, 0x1A, 0x9A, 0xD4, 0xF9, 0x6C,
0x86, 0x57, 0xAE, 0x97, 0x6B, 0xA8, 0x00, 0xC5, 0x77, 0x1A, 0xF4, 0x99, 0x7C, 0x2E, 0x6E, 0x6D, 0xCF, 0x9C, 0x7A, 0xA4, 0xAC,
0x83, 0xB0, 0x12, 0xF9, 0x55, 0x1D, 0xBD, 0x3F, 0xA4, 0x27, 0xDB, 0x62, 0xD8, 0x79, 0x4C, 0xE0, 0xFF, 0xBD, 0x6C, 0x46, 0xFF,
0xF8, 0xE8, 0xD7, 0x94, 0x3A, 0x24, 0x89, 0x69, 0x78, 0xD7, 0x9E, 0xA3, 0x46, 0x7C, 0x94, 0x81, 0xB6, 0x29, 0x1C, 0x66, 0x61,
0x4C, 0x48, 0xC1, 0x17, 0x1D, 0x98, 0x88, 0xB0, 0x00, 0x18, 0x92, 0x61, 0xD8, 0xCB, 0x53, 0x2F, 0x9B, 0xC2, 0xEB, 0x7E, 0x08,
0xFF, 0x67, 0x2D, 0xAE, 0x3D, 0x3C, 0xFB, 0x97, 0x0F, 0x06, 0x99, 0xAE, 0x5A, 0xA3, 0xB2, 0xEB, 0x1F, 0x40, 0xD4, 0x9C, 0x99,
0x3A, 0x55, 0xCE, 0x06, 0xB5, 0x71, 0x8D, 0xB5, 0xBC, 0x56, 0x14, 0xFE, 0xBC, 0xAC, 0xB6, 0xE8, 0x52, 0x03, 0x4E, 0xDB, 0x20,
0x9B, 0x41, 0x75, 0x9D, 0x2B, 0xF1, 0x59, 0x1B, 0x94, 0x9A, 0xA6, 0x1B, 0xA0, 0xAE, 0x82, 0xCB, 0x16, 0xE8, 0x68, 0xCA, 0x64,
0x2F, 0xCB, 0x62, 0xAF, 0x8D, 0xC1, 0x36, 0x60, 0xAF, 0xD7, 0xC7, 0x5C, 0x7F, 0x57, 0xD6, 0x6A, 0x67, 0xAC, 0xF3, 0x34, 0x9C,
0xC9, 0x6C, 0x55, 0x04, 0x5D, 0x5E, 0x10, 0xED, 0x05, 0x11, 0xF7, 0x05, 0xCF, 0xC2, 0x98, 0x5E, 0x19, 0x8C, 0xD7, 0x1F, 0xB7,
0x56, 0x71, 0xE0, 0xCF, 0xC3, 0x7F, 0xD7, 0xC0, 0xA8, 0x98, 0x1B, 0xCA, 0x48, 0x29, 0x3D, 0x94, 0xBF, 0x90, 0xBF, 0x02, 0x1D,
0x6C, 0x56, 0xF1, 0xE5, 0x0A, 0xAE, 0x9C, 0x2C, 0x72, 0x3C, 0x37, 0x4B, 0x7B, 0x52, 0xC9, 0x99, 0xF5, 0x60, 0xB7, 0xB6, 0x60,
0xC7, 0x5D, 0x8C, 0xDE, 0x77, 0x04, 0x77, 0xE6, 0x66, 0x2A, 0xC0, 0xA6, 0x58, 0x81, 0x14, 0xA5, 0xAD, 0x0B, 0x83, 0x67, 0x7B,
0x29, 0x92, 0xC4, 0x62, 0xDE, 0x8C, 0x6D, 0x5F, 0x6B, 0x87, 0xF5, 0xFE, 0x56, 0xF2, 0xDD, 0x1E, 0x23, 0x8C, 0x66, 0x43, 0xF1,
0x93, 0xB3, 0xF8, 0x2A, 0x83, 0x59, 0xB9, 0x19, 0x8A, 0xDE, 0x5D, 0xCF, 0x5E, 0x58, 0x45, 0x6A, 0xB6, 0xF7, 0xFA, 0x2E, 0xB8,
0x82, 0x81, 0xD6, 0x6C, 0x81, 0x17, 0x0D, 0x3C, 0x47, 0xEC, 0x31, 0x74, 0xBA, 0x41, 0x00, 0xDD, 0xD0, 0x4F, 0x92, 0x57, 0x14,
0x47, 0x7B, 0x6F, 0x1D, 0x2F, 0xCA, 0x8F, 0xD0, 0x0F, 0x04, 0x7F, 0x70, 0xED, 0x12, 0x7B, 0x80, 0x53, 0x3E, 0xFF, 0x21, 0xDE,
0xD0, 0x7B, 0x7B, 0x79, 0xD1, 0x47, 0xB1, 0xCF, 0x7F, 0xA9, 0xE9, 0x1C, 0x95, 0x77, 0x05, 0x60, 0x35, 0x29, 0x23, 0xBC, 0xE3,
0x79, 0xD4, 0x1E, 0xC3, 0xD0, 0x9D, 0xF7, 0xEA, 0xAD, 0xCA, 0x45, 0x2F, 0x49, 0x32, 0x56, 0x3A, 0x0B, 0x23, 0x61, 0x23, 0xB4,
0x07, 0x19, 0xBE, 0x85, 0xB2, 0xEF, 0x77, 0x2B, 0x91, 0xA3, 0xC6, 0x0F, 0x1A, 0xD7, 0xD8, 0xEB, 0xC1, 0x40, 0xA2, 0xA8, 0xA9,
0x9A, 0x97, 0x54, 0xCE, 0x18, 0x98, 0x2C, 0x9E, 0xB5, 0x00, 0x1B, 0x8B, 0xC6, 0x99, 0x96, 0x46, 0x7D, 0x74, 0x7D, 0x49, 0xA1,
0x6C, 0xA6, 0xC5, 0x51, 0xF9, 0xF2, 0xE0, 0x81, 0x64, 0x46, 0xA9, 0x54, 0x33, 0xB3, 0xE2, 0xA8, 0x7A, 0x62, 0xC5, 0x8D, 0x0A,
0x86, 0xC6, 0x59, 0x4F, 0xE4, 0x59, 0xD5, 0x2F, 0x45, 0xD9, 0x9C, 0xC9, 0x8F, 0x15, 0x15, 0x0C, 0x3D, 0xB3, 0x9E, 0xC5, 0xB3,
0xA8, 0x68, 0xCD, 0x4A, 0x59, 0x60, 0xB6, 0x78, 0xA8, 0x68, 0xA7, 0xD0, 0x6C, 0x66, 0xE2, 0x67, 0x4D, 0xC1, 0x22, 0xD7, 0x65,
0x26, 0x74, 0x9C, 0x58, 0x18, 0x35, 0x81, 0xF6, 0xF2, 0x72, 0xDE, 0xC5, 0x4C, 0x52, 0x72, 0xD6, 0x35, 0xC1, 0x6E, 0x08, 0x2B,
0x7E, 0xDB, 0x27, 0x8E, 0x2B, 0x2F, 0xCB, 0x92, 0x35, 0x73, 0x56, 0x5C, 0x60, 0xC6, 0x7F, 0x55, 0x34, 0x2E, 0xDD, 0x61, 0x56,
0xFC, 0xAE, 0x2E, 0x2A, 0xBA, 0xC9, 0x7F, 0xDA, 0x7B, 0x59, 0x5E, 0x66, 0x26, 0x7E, 0x56, 0x96, 0xE3, 0x86, 0x2A, 0xF5, 0x95,
0x64, 0x02, 0xD4, 0x0D, 0xDD, 0xD4, 0x00, 0x66, 0xB1, 0x10, 0x5A, 0x6F, 0xA2, 0x91, 0x92, 0xFC, 0x55, 0x0E, 0x49, 0x0A, 0xC9,
0xCF, 0xA8, 0x84, 0x85, 0x7D, 0x6D, 0x33, 0xEC, 0x62, 0xFC, 0xD9, 0x02, 0x58, 0xFE, 0x18, 0xE6, 0xDC, 0x27, 0xE5, 0xEB, 0x07,
0xB0, 0x43, 0xED, 0xE0, 0xD9, 0x60, 0x47, 0xB1, 0xF2, 0x32, 0xFE, 0xC2, 0xCA, 0x98, 0x16, 0x3C, 0x23, 0xAF, 0x1A, 0x25, 0x8D,
0xD2, 0xF7, 0x07, 0x9B, 0xAD, 0x89, 0xCC, 0x12, 0x6D, 0x2A, 0xFE, 0x16, 0x2B, 0x93, 0xB6, 0x5D, 0x3E, 0x67, 0x9B, 0x3D, 0x05,
0xF4, 0xBA, 0xCE, 0x2F, 0xEA, 0xF4, 0x49, 0x26, 0x11, 0xED, 0x64, 0x65, 0x9D, 0x8F, 0x0D, 0xD3, 0xFF, 0xC0, 0x6A, 0xB0, 0x37,
0x2B, 0x5B, 0x0C, 0xA8, 0x52, 0xE6, 0x64, 0x81, 0xFE, 0x5A, 0x43, 0x60, 0x55, 0xC2, 0x62, 0xA3, 0x72, 0x85, 0xC9, 0xAD, 0xF6,
0x2E, 0xAD, 0x06, 0xE6, 0xB3, 0x8A, 0xB4, 0xC0, 0x46, 0x75, 0xC3, 0x50, 0x64, 0xE4, 0xDD, 0x7D, 0xA2, 0x26, 0x97, 0xA3, 0x5E,
0xDB, 0x27, 0x9C, 0xA9, 0x65, 0x7A, 0xD1, 0x2E, 0xA9, 0x4D, 0x6E, 0x7B, 0x61, 0x74, 0xAF, 0x2E, 0xB5, 0xEE, 0x0A, 0x8B, 0x4E,
0xE5, 0xB5, 0x8C, 0x15, 0x96, 0x85, 0xAA, 0xFB, 0xB3, 0xEA, 0xAD, 0x00, 0xB6, 0xFC, 0xB0, 0xE5, 0x02, 0x2C, 0x5F, 0xE2, 0x02,
0xDC, 0xD6, 0x5D, 0x0E, 0xE6, 0x34, 0xBE, 0xB5, 0x5D, 0x0D, 0xA3, 0x4F, 0x36, 0xB7, 0xB7, 0x3B, 0xE4, 0x6F, 0xE8, 0x19, 0x54,
0xDB, 0x24, 0xEC, 0xCB, 0x11, 0x36, 0xF9, 0xCC, 0xCB, 0xA7, 0x2E, 0xB5, 0xCD, 0xB5, 0x01, 0x38, 0x5E, 0x35, 0xE2, 0xFC, 0xD5,
0xB1, 0x70, 0x0B, 0x39, 0xFF, 0xAC, 0xC4, 0x2F, 0xA4, 0xD7, 0x2A, 0x53, 0xB5, 0x67, 0x99, 0x35, 0x6A, 0xD2, 0xD7, 0xFA, 0x96,
0xA1, 0x1A, 0x2E, 0x15, 0x26, 0xDB, 0xF9, 0x3C, 0x2E, 0xE4, 0xB5, 0xFE, 0xD2, 0xD5, 0xB9, 0x44, 0x33, 0xF7, 0xE4, 0x67, 0x8D,
0x93, 0x67, 0x41, 0x4E, 0x9D, 0x8A, 0x87, 0x00, 0x82, 0x27, 0x24, 0xED, 0x56, 0xDE, 0x96, 0xC5, 0xC7, 0xA4, 0xB9, 0xB3, 0xA9,
0x99, 0x4F, 0x57, 0xD7, 0xAD, 0xE8, 0xA7, 0x92, 0xF9, 0x33, 0x2B, 0xD2, 0x7D, 0xAE, 0xE8, 0x2F, 0x4D, 0x24, 0xDA, 0xAD, 0xB9,
0x89, 0xAA, 0xAE, 0xCF, 0x65, 0xE6, 0xD2, 0x26, 0xF5, 0xAD, 0x5D, 0x90, 0x1C, 0xBF, 0x01, 0x0C, 0xB0, 0x1B, 0xFC, 0xD5, 0xB1,
0x77, 0xB7, 0x74, 0xDA, 0xEE, 0x12, 0x29, 0xC5, 0x73, 0x45, 0xE9, 0xCC, 0xF4, 0x00, 0xE7, 0xE0, 0xA5, 0x97, 0x55, 0x75, 0x61,
0x90, 0x0F, 0x81, 0x82, 0x58, 0x1D, 0xFE, 0x50, 0x51, 0x96, 0x8D, 0x40, 0x78, 0x00, 0xB3, 0xE2, 0x87, 0x8A, 0xD3, 0xA2, 0x0E,
0xD9, 0xF4, 0x69, 0x65, 0xB5, 0xB4, 0xF7, 0xB5, 0xED, 0x89, 0x08, 0x3F, 0x5A, 0x99, 0xA5, 0x09, 0x6F, 0x54, 0xFE, 0x21, 0x6C,
0x8D, 0x4B, 0xA9, 0x12, 0x7D, 0xAE, 0xAD, 0xF9, 0x26, 0xF0, 0x30, 0x21, 0x1E, 0xAD, 0x73, 0xC6, 0x7E, 0xD7, 0x8C, 0x4D, 0xF2,
0x5A, 0xBE, 0x01, 0xF2, 0x0A, 0xA6, 0xA8, 0x12, 0xAF, 0x70, 0xD9, 0x33, 0xFF, 0xA2, 0x9A, 0xFA, 0xA5, 0x3F, 0x73, 0x51, 0x5F,
0xBC, 0x6A, 0x54, 0x5F, 0x72, 0x75, 0x66, 0x48, 0x15, 0x2F, 0x6A, 0xEA, 0xA8, 0xAE, 0xD9, 0xAC, 0x9A, 0xF4, 0x0E, 0xDB, 0x55,
0x7D, 0x17, 0x0D, 0x08, 0x9A, 0xC3, 0x2B, 0x03, 0x21, 0xBF, 0x2C, 0xFB, 0x5E, 0x0D, 0x44, 0x71, 0xA0, 0x46, 0x61, 0x4F, 0x7B,
0x59, 0xF4, 0x63, 0x05, 0x0C, 0x3E, 0x0E, 0x09, 0x80, 0x32, 0x8A, 0x7A, 0x32, 0x51, 0xBC, 0xA8, 0x33, 0x77, 0x5C, 0x3E, 0x57,
0xD4, 0x8B, 0xB9, 0x4B, 0x35, 0xEB, 0x75, 0xE6, 0x8A, 0xE7, 0x4E, 0x25, 0xCB, 0x79, 0x1C, 0x85, 0x6C, 0x05, 0x8F, 0xE1, 0x47,
0x75, 0x31, 0x96, 0x5A, 0x1A, 0xCB, 0xE5, 0xF8, 0xAB, 0xA2, 0x60, 0xA4, 0xE7, 0xA7, 0xA6, 0x07, 0x49, 0xE9, 0x55, 0x75, 0x03,
0x47, 0xC9, 0x6C, 0x96, 0xA1, 0x7A, 0x93, 0xB3, 0x93, 0xDC, 0xC3, 0x87, 0x8A, 0xF2, 0x69, 0x96, 0xBD, 0x4C, 0xC3, 0x24, 0x0D,
0x73, 0xB6, 0x7A, 0xA4, 0x67, 0x9B, 0x13, 0x74, 0x99, 0x62, 0xDB, 0xEC, 0x7E, 0x55, 0x6A, 0x6D, 0xA9, 0xA4, 0x29, 0x85, 0xD1,
0x90, 0x1A, 0xD4, 0x61, 0x48, 0x2C, 0xBE, 0x7C, 0x99, 0xED, 0xDA, 0x6B, 0x3C, 0x8A, 0x7D, 0xBD, 0x3C, 0x2A, 0x3F, 0xCC, 0xD2,
0xB1, 0xE4, 0xA1, 0x2E, 0xD5, 0x90, 0x5F, 0x57, 0xEC, 0xF7, 0xB0, 0xB2, 0x47, 0xC1, 0x1B, 0x18, 0x2A, 0x96, 0x94, 0xAA, 0x2A,
0xEF, 0xB1, 0xEE, 0xD6, 0x40, 0x97, 0x6E, 0x00, 0x87, 0xAF, 0xD3, 0x88, 0x96, 0xE6, 0x3F, 0xD5, 0xBD, 0xAA, 0x28, 0x75, 0xBC,
0x2A, 0xD3, 0x47, 0x2B, 0x65, 0xEE, 0xFA, 0xA8, 0x92, 0x6A, 0x75, 0xAC, 0x37, 0xBE, 0x3F, 0xA2, 0xE9, 0x4E, 0x31, 0xCB, 0x90,
0x80, 0xA7, 0x39, 0x7A, 0x7F, 0x60, 0xE5, 0xDE, 0xD2, 0x21, 0xEC, 0x39, 0x37, 0x3F, 0xB1, 0x3E, 0x5D, 0x38, 0xEF, 0xA5, 0x3B,
0xBF, 0xCA, 0xCA, 0x62, 0xA4, 0x0A, 0xF4, 0x07, 0x62, 0x4C, 0x8A, 0xBB, 0x86, 0x3D, 0x2A, 0xAA, 0x49, 0xCC, 0x52, 0x9B, 0x4F,
0x1A, 0x3D, 0xE6, 0xC8, 0x5B, 0xDE, 0x6A, 0xCF, 0xDC, 0x96, 0x66, 0x84, 0x6E, 0xC9, 0x1E, 0xBA, 0x86, 0x89, 0x1A, 0x31, 0xAF,
0xDA, 0x4C, 0x56, 0xC0, 0x95, 0xF2, 0x36, 0x9A, 0x60, 0xC5, 0x47, 0x13, 0xAA, 0x69, 0xB1, 0x66, 0x94, 0x29, 0xF7, 0x43, 0xBA,
0x1A, 0xDB, 0x50, 0xD2, 0x72, 0x2D, 0x4E, 0x09, 0xDE, 0xB8, 0x47, 0xBB, 0x69, 0x22, 0x53, 0x43, 0xC9, 0x26, 0x2F, 0xF7, 0xD0,
0xEF, 0xB2, 0x4B, 0x3A, 0x1B, 0x38, 0x62, 0x87, 0xBE, 0x8C, 0x82, 0x1B, 0x37, 0xE4, 0xF4, 0x92, 0x55, 0x37, 0xD6, 0x5B, 0xEF,
0x7D, 0xB2, 0x64, 0xEC, 0xCB, 0xD4, 0x72, 0xBA, 0x79, 0xAC, 0x42, 0xAF, 0x57, 0x58, 0x53, 0x56, 0x68, 0xF4, 0x68, 0xB9, 0x51,
0x9A, 0x1D, 0x25, 0x7E, 0xD0, 0x44, 0xA5, 0x47, 0xCB, 0x47, 0xBA, 0x3F, 0x69, 0x9D, 0x56, 0x8F, 0xD5, 0x90, 0xBC, 0x49, 0x65,
0x91, 0x9F, 0x35, 0x8F, 0x6A, 0xEC, 0x70, 0xCC, 0xF3, 0x10, 0xB0, 0x1C, 0x5E, 0x4F, 0x5F, 0x3C, 0x7F, 0xF8, 0xE2, 0xF9, 0x3F,
0x5F, 0x3F, 0x7F, 0xF8, 0xE8, 0xD5, 0x77, 0xAF, 0x5E, 0xC0, 0x5F, 0xA7, 0xD3, 0x30, 0x50, 0xA0, 0x2E, 0xA8, 0xC0, 0x7E, 0xF3,
0x49, 0xC5, 0x0C, 0xD5, 0xDD, 0x84, 0x66, 0x99, 0xA8, 0x91, 0xB5, 0x78, 0xE5, 0x7C, 0x19, 0xFA, 0xCC, 0x9A, 0x29, 0x53, 0x54,
0x98, 0x96, 0x29, 0xAB, 0x4D, 0xEF, 0x54, 0x1E, 0xB4, 0x33, 0x71, 0xFD, 0x24, 0x1E, 0xB2, 0x33, 0xDE, 0xC1, 0x42, 0xB1, 0xA8,
0xDF, 0x88, 0x73, 0xA9, 0x74, 0x00, 0x95, 0x17, 0x5E, 0xE2, 0x45, 0x8A, 0x45, 0xEB, 0x17, 0x0F, 0xC4, 0xDD, 0x94, 0x92, 0xAB,
0x1B, 0x4B, 0xF4, 0xA4, 0xDE, 0xAE, 0x78, 0x89, 0x5C, 0x7F, 0x34, 0x0A, 0x7C, 0x8E, 0xED, 0xD0, 0x58, 0x70, 0x67, 0xED, 0x7C,
0x54, 0x15, 0x97, 0xF7, 0x48, 0xF7, 0x15, 0x19, 0xDE, 0xEF, 0x46, 0x0B, 0xEC, 0x1A, 0xB3, 0x17, 0x97, 0x48, 0x4F, 0xA4, 0x54,
0x2D, 0x6F, 0x71, 0x50, 0x14, 0xBD, 0x7A, 0x29, 0x2D, 0x59, 0xD1, 0x41, 0x14, 0x11, 0xD4, 0x11, 0x67, 0x95, 0x17, 0x11, 0xC9,
0x77, 0x2F, 0xC9, 0x36, 0x1B, 0x19, 0xAA, 0x99, 0xB8, 0x81, 0xA5, 0x0A, 0x40, 0xC0, 0x65, 0x8A, 0x02, 0x7C, 0x92, 0x94, 0xA1,
0xD6, 0xC4, 0x39, 0xD0, 0xF7, 0xE4, 0x2C, 0xA0, 0xBC, 0x17, 0xE9, 0xF7, 0x2D, 0xBD, 0x7A, 0x0E, 0x8D, 0x28, 0x51, 0xEA, 0xA8,
0xE9, 0x09, 0xD0, 0x93, 0x9F, 0x2A, 0xF0, 0x18, 0x51, 0xD2, 0xD2, 0xEF, 0x95, 0x7E, 0x68, 0x3D, 0x41, 0x98, 0x34, 0x1B, 0x53,
0x66, 0x64, 0xB8, 0xB1, 0x94, 0x29, 0x8C, 0xF6, 0xCC, 0x6C, 0x6A, 0xF3, 0x88, 0xA2, 0x7A, 0x08, 0xA9, 0xBF, 0x2E, 0xBF, 0x56,
0x35, 0x63, 0x75, 0xA8, 0x7A, 0x96, 0xC6, 0x43, 0x59, 0x52, 0x33, 0x13, 0xBD, 0xEF, 0xF2, 0xA3, 0x0B, 0xB8, 0x00, 0x06, 0xC7,
0xC1, 0x44, 0xF4, 0x25, 0xCC, 0x07, 0xB0, 0xBD, 0x20, 0x35, 0xDD, 0xAB, 0x2E, 0xB4, 0x9B, 0x44, 0x8D, 0xD4, 0x38, 0xF2, 0xA3,
0x34, 0x13, 0x62, 0x80, 0x34, 0xB9, 0xAA, 0xDD, 0xE3, 0x52, 0xE9, 0x54, 0x31, 0x3A, 0xAC, 0xE0, 0xC2, 0x36, 0x56, 0x79, 0xAD,
0xEB, 0xE5, 0x52, 0x6D, 0x59, 0xD2, 0x6D, 0xF1, 0x96, 0xAA, 0x8A, 0xA9, 0xB4, 0x4C, 0x0B, 0xC7, 0xA6, 0x1F, 0x70, 0x33, 0x7A,
0x36, 0x33, 0x70, 0xAD, 0xB8, 0x96, 0xB5, 0xC9, 0xE2, 0x2F, 0xC4, 0x5B, 0x85, 0x7F, 0xDA, 0xEE, 0xDE, 0x2A, 0x2B, 0xA9, 0xD7,
0x6E, 0xA9, 0xAB, 0x4A, 0xE7, 0xC3, 0xD6, 0xBB, 0xC9, 0xD6, 0xBE, 0x9D, 0xCC, 0xE6, 0x33, 0x63, 0xBF, 0x49, 0x4C, 0x6D, 0x5F,
0x45, 0xD6, 0x3A, 0xD7, 0x88, 0x5D, 0x22, 0x21, 0xA2, 0x96, 0xC3, 0x83, 0x1A, 0x36, 0x28, 0x1D, 0x1B, 0x09, 0x11, 0x6B, 0xB0,
0x6A, 0x0C, 0x7D, 0x2D, 0x4C, 0xAD, 0x10, 0x01, 0xAA, 0xEE, 0xE7, 0x5C, 0x2D, 0xA7, 0xB1, 0xEB, 0xA6, 0xED, 0x5B, 0xBF, 0x64,
0x25, 0xAC, 0xD9, 0xF4, 0x0B, 0xF3, 0x20, 0x2D, 0x23, 0xAD, 0x18, 0x8B, 0xD1, 0x4E, 0x88, 0x65, 0x75, 0xE6, 0x3A, 0x21, 0x88,
0xAD, 0xB0, 0x2F, 0x36, 0xB4, 0x29, 0x3A, 0x16, 0x8D, 0x71, 0xC3, 0x3B, 0xEE, 0x2A, 0xE5, 0x31, 0x4D, 0x5C, 0xE1, 0xE3, 0xEE,
0xF2, 0xF5, 0xD0, 0x4C, 0x9E, 0x2E, 0xAE, 0x1E, 0xD4, 0xB3, 0xCD, 0xDD, 0xA8, 0x9A, 0x29, 0x55, 0xAE, 0xBC, 0xAC, 0xB1, 0xC6,
0x5C, 0x70, 0x35, 0x12, 0x7C, 0x7D, 0xA2, 0x98, 0x5A, 0x31, 0xB4, 0xC1, 0xF8, 0xEC, 0x82, 0xA8, 0x7D, 0x98, 0x97, 0x34, 0x2D,
0xD5, 0x8C, 0xB6, 0x52, 0x0C, 0x5E, 0x6B, 0xD0, 0x96, 0xBB, 0x24, 0x1B, 0x4F, 0x28, 0x5E, 0xF4, 0xBB, 0x62, 0x4E, 0x9B, 0xD9,
0xB1, 0x9A, 0xCF, 0x29, 0x5B, 0xED, 0xEB, 0x4D, 0x6B, 0x79, 0x15, 0x5E, 0xBB, 0xE6, 0x38, 0xC1, 0x64, 0xFE, 0x1A, 0xBF, 0x86,
0xF2, 0x00, 0xB1, 0xBA, 0x50, 0xE5, 0x6C, 0x5C, 0x8D, 0x1E, 0xAA, 0x86, 0xA8, 0x5F, 0x71, 0x68, 0xFA, 0xAD, 0x48, 0xB6, 0xAF,
0x3D, 0x52, 0xA6, 0xA1, 0x37, 0xC7, 0x21, 0xFB, 0xB4, 0xB8, 0x4A, 0xAD, 0xF2, 0x41, 0xE5, 0x23, 0xED, 0x0F, 0xFD, 0xF2, 0xD3,
0x83, 0x21, 0x9C, 0x34, 0xCA, 0x47, 0xF9, 0x90, 0xA1, 0x58, 0xD9, 0x24, 0xC8, 0x56, 0xB3, 0x1A, 0xED, 0x62, 0x13, 0x3B, 0x5A,
0x15, 0x4A, 0xAC, 0x57, 0x2A, 0x9A, 0x78, 0x19, 0x51, 0xEB, 0x9A, 0xD5, 0x4C, 0x6E, 0x58, 0xE5, 0x8C, 0xFC, 0x4F, 0xD4, 0xBE,
0x56, 0x53, 0x57, 0xB2, 0xCB, 0x75, 0x56, 0x60, 0x5A, 0x31, 0xF6, 0xED, 0xB1, 0x6E, 0x35, 0xAB, 0x72, 0xCC, 0x7B, 0x41, 0x7B,
0x63, 0xCC, 0x0C, 0x2F, 0xF4, 0x80, 0x02, 0x84, 0xA9, 0xA1, 0x7F, 0x2F, 0xBE, 0xA1, 0x85, 0xE1, 0x91, 0xFE, 0xBD, 0xF8, 0x66,
0x0C, 0x72, 0x20, 0x3C, 0xE1, 0x9F, 0x72, 0xC6, 0xEA, 0xF3, 0x69, 0xB1, 0x6B, 0x91, 0xD7, 0x77, 0x8F, 0xC2, 0x93, 0x47, 0x1C,
0x04, 0xFE, 0xAB, 0x80, 0x3A, 0xD1, 0x22, 0x2D, 0xB4, 0x75, 0x03, 0x5A, 0x07, 0x5D, 0x1A, 0xAA, 0xAD, 0x5C, 0x2C, 0xBE, 0x5C,
0xD2, 0xE9, 0x15, 0xAE, 0x55, 0x2B, 0xB6, 0x8E, 0xAC, 0x41, 0x94, 0x6F, 0xD6, 0x34, 0xB4, 0x37, 0x6B, 0x1C, 0xCF, 0x9B, 0xAD,
0x1F, 0xC4, 0x9B, 0x35, 0x8F, 0xDC, 0xCD, 0xD6, 0x0F, 0xD7, 0xCD, 0x56, 0xC7, 0x7A, 0x66, 0xB2, 0xEC, 0x54, 0xCD, 0xB8, 0xB3,
0x66, 0x71, 0xA0, 0xD9, 0x3A, 0xC1, 0x9F, 0x99, 0x24, 0x6E, 0x55, 0x46, 0x7D, 0x66, 0x92, 0xBC, 0x55, 0x19, 0xEE, 0xC9, 0x9D,
0x7C, 0x2A, 0xB2, 0x39, 0x89, 0x32, 0x0A, 0x93, 0x33, 0xD7, 0xB2, 0xEE, 0x06, 0xD0, 0x51, 0x46, 0xA5, 0xAC, 0xDA, 0xF5, 0x98,
0x88, 0xB1, 0x82, 0xD7, 0xE3, 0x23, 0x42, 0x5B, 0xBD, 0x27, 0xDF, 0x64, 0x29, 0x5B, 0x78, 0x95, 0x96, 0x84, 0x32, 0x5B, 0x2D,
0x2E, 0x65, 0xE6, 0xD2, 0xE1, 0x4A, 0xAA, 0x71, 0xB5, 0x8E, 0x61, 0xEA, 0x55, 0xAA, 0x72, 0xF3, 0xAD, 0x56, 0x45, 0x58, 0x78,
0xF5, 0xA2, 0x87, 0x34, 0x81, 0x95, 0xD1, 0x7F, 0x66, 0xDF, 0xD5, 0x0B, 0xCB, 0x56, 0x42, 0x03, 0xBC, 0x6C, 0x56, 0xD4, 0x2B,
0x2A, 0xB6, 0x41, 0xA3, 0xA6, 0x62, 0x4E, 0x94, 0xAB, 0xB2, 0x53, 0x9C, 0xAD, 0x7F, 0x85, 0x3D, 0xD8, 0x2C, 0x4E, 0x4D, 0xBC,
0x75, 0x75, 0x98, 0x4D, 0x58, 0xAE, 0xC8, 0xED, 0xBC, 0xB6, 0x4A, 0xC2, 0x1C, 0x2C, 0x17, 0x57, 0xAC, 0xBC, 0x7B, 0x4A, 0xA2,
0x35, 0xC5, 0x26, 0xAC, 0xD7, 0x29, 0x2C, 0xBB, 0x66, 0x9D, 0xC2, 0x0E, 0xAC, 0x63, 0x4E, 0xD8, 0x73, 0x4D, 0xAC, 0x15, 0xA6,
0x5F, 0xBD, 0x8A, 0x6C, 0x43, 0x35, 0x6A, 0xC9, 0x56, 0x57, 0x5B, 0x45, 0xFB, 0xDC, 0x16, 0x76, 0x56, 0xBD, 0x8A, 0x66, 0xC3,
0x37, 0x6B, 0xEA, 0xC6, 0x7F, 0x19, 0x80, 0x64, 0x6D, 0xB5, 0xCE, 0x97, 0x64, 0x9C, 0x95, 0xAB, 0x09, 0x93, 0xAB, 0x5A, 0x47,
0x36, 0xCC, 0x2A, 0x8D, 0x44, 0xA1, 0xB6, 0xE4, 0x84, 0x4D, 0x56, 0x2E, 0x45, 0x4D, 0x91, 0x46, 0x31, 0x7E, 0xDD, 0xAF, 0xBA,
0xE1, 0x48, 0x46, 0x4C, 0xB5, 0x82, 0x66, 0x9B, 0x55, 0x17, 0x3F, 0xB3, 0xB6, 0x1A, 0x2D, 0x94, 0x46, 0x59, 0x63, 0xF9, 0x33,
0x4B, 0xA7, 0x95, 0x29, 0xE9, 0xE6, 0x51, 0xA3, 0x2E, 0x5A, 0x3D, 0xAB, 0x6B, 0x16, 0x66, 0x52, 0x05, 0xAB, 0xB2, 0xED, 0xD3,
0x56, 0xD5, 0xB4, 0x99, 0x2A, 0x68, 0x56, 0xEC, 0x9F, 0xB6, 0xFA, 0x16, 0xCB, 0xA9, 0x0C, 0xA0, 0xB0, 0x8E, 0x16, 0x15, 0x24,
0x23, 0xA7, 0x26, 0x2A, 0x2B, 0xF6, 0x68, 0x15, 0xA7, 0xB2, 0xE1, 0x7A, 0x4D, 0xEF, 0xCD, 0xEC, 0xF2, 0x6E, 0x9B, 0xA7, 0x5E,
0x5A, 0x28, 0xC9, 0x4E, 0x82, 0xF3, 0xBC, 0x3A, 0xBF, 0x96, 0xF3, 0x17, 0x69, 0x58, 0x5C, 0x11, 0xB8, 0xC3, 0xED, 0x69, 0x4E,
0x47, 0x56, 0x09, 0xAA, 0xA3, 0x15, 0x4E, 0xC3, 0x52, 0x23, 0xBB, 0x55, 0x0E, 0x65, 0x34, 0x3D, 0x95, 0x7C, 0x94, 0xCB, 0x24,
0xB7, 0xE3, 0x9A, 0xAC, 0x03, 0xD9, 0xEA, 0x64, 0x03, 0x59, 0xE9, 0x95, 0x5C, 0x9D, 0x66, 0x20, 0x2B, 0x5D, 0x92, 0xAB, 0x13,
0x0C, 0x64, 0x4D, 0xF3, 0x0A, 0x5C, 0x28, 0x46, 0x34, 0xE3, 0x3A, 0x6C, 0x9A, 0xCF, 0xB2, 0xC2, 0x89, 0x8C, 0x89, 0xA9, 0x85,
0x6F, 0x1D, 0xF5, 0x67, 0xDB, 0x5B, 0x51, 0x7A, 0x97, 0x1D, 0x84, 0x0B, 0xF7, 0xE2, 0x93, 0x9F, 0x77, 0xAB, 0x3B, 0xC0, 0xEE,
0xA5, 0xB6, 0x74, 0xC1, 0x90, 0x95, 0xA5, 0x4E, 0x14, 0x92, 0xF6, 0x6A, 0x09, 0x5B, 0xEF, 0x8C, 0xA8, 0x2A, 0xD1, 0x86, 0x6E,
0xD9, 0xDE, 0xBB, 0x84, 0x89, 0xDC, 0x00, 0x77, 0x54, 0xDA, 0x9F, 0xD7, 0x36, 0x8C, 0xCB, 0xBC, 0x48, 0xEA, 0x95, 0x69, 0x0A,
0x57, 0x44, 0xED, 0xA2, 0x3D, 0xC3, 0x06, 0x7E, 0xA9, 0xAB, 0x0F, 0x3E, 0xF4, 0x31, 0x69, 0x6E, 0xC6, 0x8F, 0x3E, 0x37, 0x3F,
0xC9, 0xE7, 0x9D, 0x07, 0xA4, 0xF5, 0x20, 0x0D, 0xF0, 0x02, 0xC9, 0xBD, 0x0D, 0x1E, 0xEE, 0xF4, 0xA1, 0xAB, 0xAA, 0x8F, 0x79,
0xEE, 0x75, 0xC2, 0x93, 0xAF, 0xCB, 0x9F, 0xF8, 0x65, 0x4D, 0x3B, 0xE4, 0x13, 0x69, 0xC9, 0x77, 0x35, 0xB5, 0xA0, 0xB4, 0x91,
0x62, 0x9E, 0x5C, 0x28, 0x75, 0x69, 0x12, 0x77, 0xA2, 0x65, 0xB3, 0xCF, 0x3A, 0x5A, 0xE8, 0x90, 0x3E, 0xC4, 0x9C, 0x31, 0x14,
0xCD, 0x86, 0x87, 0x6F, 0x6B, 0xB2, 0xDE, 0xE2, 0x67, 0xCC, 0x99, 0x4E, 0x73, 0x02, 0xDF, 0x1A, 0xB0, 0x44, 0x7A, 0xEB, 0xDE,
0xC4, 0xA5, 0xA5, 0x8A, 0x17, 0xE8, 0x5C, 0xFF, 0x32, 0xAE, 0xE2, 0xE4, 0x5A, 0x2E, 0x9F, 0x50, 0xD6, 0xD2, 0xF1, 0x44, 0x0D,
0x0D, 0x7C, 0x0E, 0xAA, 0xFD, 0x19, 0x50, 0x15, 0x8E, 0x1A, 0x54, 0xFC, 0xA1, 0xE4, 0x28, 0xA4, 0x96, 0x07, 0xFE, 0xB2, 0xAE,
0x05, 0x96, 0x86, 0x90, 0x0B, 0xFC, 0xA8, 0x63, 0x1A, 0xD2, 0x7D, 0x5C, 0x52, 0x1C, 0xE1, 0x52, 0x5C, 0x07, 0x40, 0x9C, 0xC4,
0x41, 0xB5, 0x96, 0x44, 0xBF, 0xF8, 0x02, 0xA7, 0xCC, 0x38, 0xCE, 0xE7, 0xE9, 0x02, 0x6D, 0x69, 0xC5, 0xB6, 0x82, 0x85, 0xE8,
0x3D, 0x76, 0x79, 0xBB, 0xD5, 0xEB, 0xF5, 0x5A, 0xCA, 0x9D, 0x77, 0xE5, 0xC5, 0x05, 0x98, 0x9C, 0xAD, 0xA8, 0x22, 0x83, 0x28,
0x33, 0x17, 0xBD, 0x8B, 0x7B, 0xFD, 0x49, 0x97, 0xB4, 0xDE, 0xC5, 0xFF, 0xEF, 0xFF, 0xFC, 0xDF, 0x96, 0x7C, 0x41, 0x2E, 0x4B,
0xF0, 0x2D, 0x43, 0x69, 0xA4, 0x8F, 0x38, 0x62, 0xB7, 0xA0, 0xA0, 0x0C, 0x7E, 0xE9, 0x0B, 0x96, 0xAA, 0xAF, 0x2C, 0x59, 0xD3,
0x34, 0x8E, 0xF1, 0xDC, 0xFC, 0x92, 0x0F, 0x71, 0xAD, 0x07, 0x5E, 0x47, 0x86, 0x63, 0x0A, 0xC5, 0xCD, 0x78, 0xDF, 0x85, 0xF9,
0xF7, 0x8B, 0x21, 0xCB, 0xF4, 0x7C, 0xC9, 0x94, 0xF8, 0xCD, 0xEF, 0x3F, 0xE1, 0xCA, 0x2E, 0x96, 0xE2, 0x8D, 0x15, 0x6D, 0x70,
0x95, 0xC7, 0x65, 0xEE, 0x4C, 0xD1, 0xF0, 0x56, 0x76, 0xEE, 0x5F, 0xFF, 0x22, 0x37, 0xCA, 0x0E, 0xD4, 0xDF, 0x12, 0x51, 0x5E,
0x8A, 0x33, 0x62, 0x09, 0x70, 0xCA, 0x8B, 0x1A, 0xF8, 0xA5, 0x29, 0xD9, 0x1A, 0x77, 0x44, 0xE8, 0x03, 0xA2, 0xB2, 0x55, 0x79,
0xB7, 0x57, 0x1B, 0xB8, 0xA1, 0x19, 0x50, 0xCE, 0xB3, 0x41, 0x53, 0x4E, 0x05, 0x92, 0x4F, 0x0E, 0x0C, 0x07, 0x7F, 0xB7, 0xFB,
0x87, 0xED, 0x77, 0xFE, 0xB7, 0x9D, 0x77, 0x2E, 0xFD, 0xD3, 0x7B, 0x23, 0x3F, 0xF5, 0x6D, 0x7D, 0x61, 0x30, 0x54, 0xCB, 0xE8,
0x03, 0xD3, 0xF8, 0x7B, 0x88, 0x3C, 0x7D, 0xE6, 0xFD, 0x92, 0xA4, 0x3B, 0xE4, 0xF9, 0x62, 0x36, 0x0C, 0xD2, 0x36, 0xAD, 0xF8,
0x76, 0xE3, 0x7D, 0xA7, 0x8B, 0x37, 0xA6, 0x1B, 0x1F, 0x36, 0xDF, 0x77, 0x34, 0x0E, 0x8F, 0xFF, 0xBD, 0xA9, 0x82, 0xB3, 0x55,
0x05, 0xE7, 0x16, 0xC2, 0xA9, 0xB1, 0xDC, 0x12, 0xD8, 0xA5, 0xF0, 0x6A, 0x93, 0xCA, 0x34, 0x36, 0x3C, 0xB7, 0x6B, 0xF6, 0x3C,
0x38, 0xA3, 0x9B, 0x6D, 0x9B, 0x4D, 0x7A, 0x57, 0xD0, 0x9B, 0x89, 0x5C, 0x24, 0x0D, 0x56, 0xC8, 0xA5, 0x5D, 0xA5, 0xD9, 0xB6,
0x78, 0x69, 0xF6, 0xC6, 0x30, 0x8F, 0x73, 0x64, 0x2A, 0xB5, 0xF6, 0xD5, 0x3A, 0xD5, 0xB7, 0xDA, 0x68, 0x95, 0x11, 0x09, 0x72,
0x65, 0x7C, 0x5E, 0x31, 0x3A, 0xBE, 0x9A, 0xF7, 0x14, 0xE2, 0x69, 0x97, 0xD7, 0xFE, 0x54, 0xAD, 0x35, 0xBD, 0x86, 0xB4, 0x02,
0xAA, 0x16, 0x8B, 0xBC, 0x52, 0x56, 0x5C, 0xA6, 0xA2, 0x2D, 0x0A, 0xBE, 0x32, 0x81, 0xD7, 0x50, 0xDF, 0x83, 0x4B, 0x2D, 0x11,
0x26, 0x66, 0xD2, 0xA9, 0x14, 0x53, 0x74, 0x58, 0xCC, 0xA4, 0x7B, 0xD8, 0xA1, 0x57, 0xAA, 0xAA, 0xDF, 0xDF, 0x94, 0xDF, 0xDF,
0x74, 0x3A, 0xE6, 0x4C, 0x8B, 0x5E, 0xF3, 0x5B, 0xA8, 0xDB, 0x1F, 0x0E, 0x62, 0x6E, 0x22, 0x47, 0x8E, 0x29, 0xFA, 0x2E, 0xAE,
0x2F, 0x02, 0xD4, 0x5C, 0x40, 0x0B, 0xC4, 0x3B, 0x05, 0xA6, 0x8A, 0x42, 0x9E, 0x8B, 0xF7, 0x18, 0x1D, 0x61, 0xC4, 0x36, 0xC6,
0x9C, 0xBC, 0xF8, 0x01, 0xA3, 0x4B, 0xB0, 0x62, 0x88, 0x57, 0x33, 0x63, 0x5A, 0x00, 0x60, 0xB6, 0x1C, 0x5C, 0x0C, 0x6C, 0x19,
0xA6, 0x16, 0x8A, 0x1D, 0xE1, 0xA5, 0xCD, 0x91, 0x28, 0xEA, 0x0D, 0x13, 0x38, 0xAD, 0x22, 0x9C, 0xB5, 0xEE, 0x4E, 0x32, 0x9D,
0x34, 0xC4, 0x45, 0x39, 0x49, 0xEE, 0xE1, 0x2D, 0x39, 0xA5, 0xA8, 0xF6, 0xDD, 0xA3, 0x13, 0x90, 0xB7, 0x3A, 0xFA, 0x6A, 0x74,
0xA1, 0x73, 0x31, 0x5E, 0x78, 0x85, 0x4B, 0x00, 0xFE, 0x70, 0xC1, 0xA9, 0xA2, 0xDC, 0x2C, 0x9B, 0x60, 0x39, 0x31, 0xBF, 0xF0,
0x68, 0x29, 0x49, 0x85, 0x27, 0x94, 0x9D, 0xE4, 0xA2, 0x2D, 0x66, 0xE1, 0x0F, 0xE3, 0x30, 0x0F, 0x3D, 0x14, 0x93, 0x38, 0x46,
0xA0, 0x67, 0xDF, 0x5A, 0xEE, 0xB1, 0xA9, 0xBC, 0x00, 0xCA, 0x7A, 0x13, 0x89, 0x2A, 0x96, 0x3D, 0x4F, 0x38, 0x6C, 0x79, 0x8A,
0xC8, 0x4F, 0xC9, 0x82, 0x20, 0x25, 0x2E, 0x32, 0xEA, 0x60, 0x50, 0xEE, 0x7F, 0x7C, 0x7A, 0xD7, 0x42, 0xFE, 0x87, 0x6B, 0xBB,
0x29, 0xCA, 0x58, 0x32, 0x0C, 0x4F, 0x54, 0x9C, 0xC3, 0x8E, 0x62, 0x20, 0x39, 0x1F, 0xCD, 0x0E, 0x71, 0xBE, 0xBD, 0xC2, 0x95,
0x3F, 0x92, 0xAD, 0xF1, 0x4D, 0x38, 0x0E, 0x8D, 0x2B, 0xD8, 0xB4, 0x35, 0xD0, 0x3A, 0x48, 0xD9, 0x25, 0x10, 0xD9, 0x82, 0xFF,
0x38, 0xF3, 0x80, 0x5B, 0x00, 0xAD, 0x8E, 0x10, 0x04, 0x79, 0x13, 0x3E, 0x0E, 0x0B, 0x91, 0xF7, 0x41, 0xAB, 0x10, 0xA6, 0x37,
0x06, 0x28, 0x4D, 0x9B, 0x41, 0x7E, 0x40, 0x93, 0x41, 0x0A, 0x88, 0x3D, 0x83, 0xB6, 0x57, 0x52, 0x66, 0x13, 0xAA, 0xAC, 0xA2,
0x48, 0xD1, 0x13, 0xAD, 0x74, 0x1D, 0x55, 0xD2, 0x11, 0x21, 0xB6, 0x71, 0x50, 0x2B, 0x29, 0xB2, 0x11, 0x9E, 0xF9, 0x69, 0xEA,
0x98, 0x5E, 0x2C, 0x7C, 0x79, 0x5C, 0xA7, 0xFC, 0x50, 0x46, 0x53, 0x9D, 0x51, 0x58, 0xCD, 0x50, 0xCD, 0x0E, 0x70, 0x26, 0x9E,
0xAF, 0x1F, 0xCD, 0xDD, 0x8D, 0x4D, 0xDA, 0x8B, 0xC6, 0xC8, 0xE6, 0x43, 0x42, 0x74, 0xB3, 0x11, 0xAD, 0x8D, 0xF0, 0x7E, 0x9F,
0xBC, 0xCE, 0xC3, 0x08, 0x95, 0x5B, 0xD2, 0x95, 0x1C, 0x64, 0x82, 0x99, 0x8F, 0x91, 0xC9, 0xFA, 0x4B, 0x10, 0x2E, 0xC3, 0x11,
0x39, 0x04, 0x14, 0x80, 0x5C, 0xE4, 0xCD, 0xC9, 0x36, 0x66, 0xFF, 0xF5, 0xA2, 0xCC, 0x72, 0x28, 0x3A, 0xCC, 0x9E, 0xE1, 0x27,
0xEE, 0x21, 0x96, 0x19, 0x27, 0x0C, 0x09, 0xB9, 0xC2, 0xDA, 0xDB, 0x7A, 0xC6, 0x7A, 0x2A, 0x9F, 0x7C, 0x51, 0xBA, 0xA4, 0xC9,
0x82, 0xA4, 0x77, 0x39, 0xBB, 0xC8, 0xB8, 0xE5, 0xE1, 0xF0, 0x95, 0x0F, 0x2C, 0xD1, 0x3B, 0x5E, 0x1D, 0x24, 0xBD, 0xE5, 0x29,
0x8D, 0xA9, 0xD2, 0x9C, 0xA7, 0x80, 0xBF, 0x50, 0x3F, 0xD3, 0x2D, 0x43, 0xFA, 0x5A, 0x32, 0x1E, 0x11, 0x79, 0x90, 0x49, 0x7B,
0x36, 0xA0, 0xE9, 0x88, 0x3A, 0xE6, 0x91, 0x45, 0x1C, 0xFE, 0xBA, 0x08, 0xC8, 0x93, 0x87, 0x94, 0x9D, 0x20, 0x2D, 0x51, 0x74,
0x18, 0xF7, 0x8A, 0x78, 0x11, 0x55, 0x6F, 0xB5, 0x86, 0x0C, 0x27, 0x3D, 0xBC, 0x35, 0x18, 0xCD, 0x22, 0x2E, 0x6C, 0x5B, 0x8A,
0x43, 0xAC, 0x54, 0xE3, 0xFB, 0x7C, 0x16, 0xC9, 0xB9, 0x84, 0xE4, 0x2C, 0x35, 0xB4, 0x00, 0x19, 0x7B, 0x7E, 0xE0, 0x90, 0xD0,
0xC7, 0x28, 0x0A, 0xDE, 0xC8, 0x05, 0xDE, 0x55, 0x3C, 0xA4, 0x09, 0x4C, 0xF6, 0x9C, 0xDE, 0x86, 0x03, 0x9C, 0x39, 0xF4, 0x7A,
0x11, 0xBA, 0xA1, 0xC1, 0x31, 0x65, 0xB8, 0x94, 0x8B, 0x52, 0xE7, 0x34, 0x5E, 0x62, 0x1A, 0xFA, 0x7E, 0x10, 0xEF, 0x39, 0xE8,
0x2C, 0xE4, 0xD0, 0xB3, 0x44, 0x6F, 0x98, 0xF5, 0x86, 0xDE, 0xE8, 0xA3, 0x9F, 0x26, 0xF3, 0x3D, 0x87, 0x5A, 0x38, 0x47, 0x72,
0xCE, 0x1B, 0xA3, 0x3B, 0x3D, 0x3F, 0xF4, 0xE0, 0x4C, 0x40, 0xE4, 0x87, 0xDE, 0x88, 0xDF, 0x74, 0xA3, 0x66, 0xCB, 0x31, 0xEB,
0xF2, 0x0B, 0xA6, 0xF5, 0xA4, 0x3A, 0x66, 0x41, 0xA6, 0x06, 0x31, 0x93, 0xEF, 0xDC, 0x9F, 0x6E, 0xAB, 0x05, 0x29, 0x4D, 0xE9,
0xD8, 0x61, 0x43, 0xDE, 0xBF, 0xF9, 0x89, 0x7E, 0xBD, 0xB8, 0xDF, 0x9F, 0x6E, 0x9B, 0x90, 0x78, 0x0A, 0x19, 0x24, 0xB2, 0x3D,
0x87, 0x3D, 0x38, 0x52, 0x42, 0x99, 0xDE, 0x28, 0x4A, 0x32, 0x09, 0x49, 0x70, 0xEE, 0x9E, 0x85, 0x45, 0xBB, 0x32, 0xC6, 0xF7,
0x9C, 0x23, 0x5A, 0xB4, 0x2A, 0x59, 0x8C, 0x2D, 0x1D, 0x8C, 0x39, 0x62, 0x5C, 0x00, 0x45, 0x82, 0xCA, 0xB3, 0x69, 0x98, 0x07,
0xBD, 0x6C, 0x0E, 0x27, 0xE9, 0x1D, 0x32, 0x4F, 0x83, 0xDE, 0x19, 0xAC, 0xC2, 0x5D, 0x1C, 0x11, 0x16, 0xBB, 0x68, 0x06, 0x71,
0x0C, 0xCB, 0xD7, 0x86, 0xC3, 0x9B, 0x9F, 0x72, 0x71, 0xC1, 0x77, 0x6B, 0xC4, 0x56, 0x4C, 0x0B, 0xB3, 0xA6, 0xAE, 0xC2, 0x08,
0x4B, 0x3B, 0x57, 0xE6, 0x09, 0xAA, 0xC2, 0x8C, 0x3A, 0x17, 0x3D, 0x8A, 0x4B, 0xBA, 0xF2, 0x9C, 0x52, 0x68, 0x63, 0x78, 0xFA,
0xC0, 0xD4, 0x63, 0xEB, 0x4E, 0x0D, 0xED, 0x88, 0x48, 0x4E, 0x65, 0x6B, 0x2E, 0xF9, 0x48, 0x27, 0xDF, 0x36, 0xCA, 0xD6, 0x8B,
0x1F, 0xA8, 0x52, 0x8E, 0x4E, 0x19, 0xA6, 0xA8, 0x6A, 0x38, 0x65, 0xFA, 0x1B, 0xF5, 0x99, 0x3D, 0x7D, 0x90, 0x56, 0x78, 0xA1,
0xC8, 0xC1, 0x09, 0x73, 0x41, 0x92, 0x05, 0x16, 0x76, 0xE0, 0xFF, 0xE2, 0xE1, 0x4A, 0x41, 0x7F, 0xF7, 0x76, 0x6B, 0x18, 0x00,
0x33, 0x09, 0x82, 0x18, 0x6F, 0x63, 0x2C, 0x38, 0x81, 0xEE, 0x81, 0x42, 0x3F, 0x70, 0x45, 0x50, 0x8D, 0xB6, 0x94, 0x8F, 0xDE,
0xB8, 0x3E, 0x88, 0xF1, 0x21, 0x7E, 0xC5, 0xE4, 0x50, 0xB0, 0x73, 0x97, 0x71, 0x6C, 0x19, 0x76, 0x47, 0x71, 0xDF, 0x08, 0xC5,
0xCE, 0xAA, 0xF8, 0x37, 0xAD, 0x0A, 0xDD, 0xF9, 0x60, 0xCC, 0xC2, 0x87, 0x8E, 0x25, 0xB3, 0x3E, 0x4D, 0xCD, 0x04, 0x63, 0x6E,
0xEB, 0xA7, 0x46, 0xB5, 0x55, 0x2D, 0x73, 0x1D, 0x1F, 0x0A, 0x35, 0x74, 0x2A, 0x2A, 0x92, 0x82, 0xEB, 0xCB, 0xF7, 0x87, 0x75,
0xB4, 0xE0, 0x18, 0x93, 0x14, 0x94, 0x5D, 0xBF, 0xE9, 0x88, 0x18, 0x19, 0xAF, 0x37, 0xAA, 0x9A, 0xAE, 0x97, 0x7B, 0x52, 0xBB,
0x3A, 0xC1, 0x93, 0xF8, 0x29, 0xCF, 0x96, 0xA5, 0x7D, 0xC6, 0xD9, 0xDD, 0x21, 0xF5, 0x88, 0xF0, 0x22, 0x2B, 0x7E, 0xF1, 0x04,
0x2A, 0x23, 0xF9, 0x9B, 0x6F, 0xC8, 0x0A, 0xC4, 0x54, 0xF5, 0xB0, 0x4C, 0x91, 0x5E, 0x0D, 0x90, 0xED, 0xDA, 0x26, 0x38, 0x63,
0xB6, 0x94, 0xF3, 0x89, 0x32, 0x4C, 0x96, 0xBE, 0xAB, 0x6A, 0x62, 0x05, 0x5E, 0xA9, 0x6A, 0xD6, 0x98, 0x71, 0x2E, 0x22, 0xE8,
0x91, 0x14, 0xE6, 0x35, 0x31, 0x46, 0x44, 0xC4, 0x8A, 0x35, 0x66, 0x1C, 0x19, 0x6B, 0xE6, 0x57, 0x3E, 0x78, 0x75, 0x85, 0xD8,
0x52, 0x2B, 0x98, 0xBD, 0x49, 0xD1, 0xED, 0x3E, 0xA5, 0x82, 0x86, 0x17, 0x13, 0x2A, 0xF9, 0x91, 0x67, 0xA5, 0xB4, 0x51, 0xC8,
0x5E, 0x85, 0x28, 0xC9, 0xA5, 0x3E, 0xBA, 0xD5, 0xED, 0xB5, 0x1E, 0x06, 0x73, 0x10, 0x0E, 0x17, 0x28, 0x93, 0xD2, 0x30, 0xBD,
0x56, 0x97, 0xB7, 0xBA, 0x37, 0x30, 0x15, 0xE2, 0xC8, 0x15, 0x5E, 0xA6, 0x09, 0x70, 0xEF, 0x00, 0xA5, 0xD8, 0x24, 0x3A, 0xD5,
0x43, 0x1D, 0x64, 0x09, 0x8F, 0xED, 0xA6, 0xEC, 0xAA, 0xD8, 0xA2, 0x55, 0x76, 0xF7, 0x2D, 0x13, 0xD0, 0x78, 0x4B, 0xDD, 0x62,
0x92, 0x77, 0x38, 0xD0, 0xAE, 0xA0, 0x22, 0xF1, 0xE2, 0x42, 0x9B, 0xD2, 0x5A, 0x2C, 0x10, 0x21, 0xD6, 0xD9, 0xD1, 0x20, 0x08,
0x4A, 0x45, 0x84, 0x90, 0xAE, 0x1B, 0x8E, 0x5E, 0x0C, 0xBF, 0x53, 0x37, 0x7E, 0x79, 0x66, 0x19, 0x2E, 0x4C, 0xEB, 0x8B, 0xE8,
0x85, 0x52, 0x16, 0x91, 0x54, 0xAE, 0x30, 0xF5, 0x1B, 0xC7, 0x99, 0x75, 0x91, 0xEC, 0xF0, 0x45, 0xCC, 0x3B, 0xC7, 0x7C, 0xBC,
0xBB, 0xB6, 0xE5, 0xA9, 0x97, 0x64, 0xBE, 0xF9, 0x76, 0x9E, 0x22, 0x21, 0x1C, 0x77, 0xAE, 0x6C, 0x94, 0x86, 0xF3, 0x9C, 0x6E,
0x65, 0xF7, 0xD9, 0x6F, 0x96, 0x37, 0x5B, 0xC4, 0xA1, 0x8D, 0xFC, 0xD8, 0xFD, 0x25, 0xF3, 0xF1, 0xC6, 0xF6, 0xD4, 0x8D, 0x83,
0xBC, 0x1F, 0xCF, 0x67, 0xFD, 0x62, 0x2F, 0xF9, 0xFB, 0xB6, 0xBB, 0xE5, 0xDE, 0x45, 0x2F, 0xC4, 0xBC, 0xFF, 0x4B, 0x56, 0xBE,
0x77, 0x87, 0x0B, 0x3C, 0xC6, 0xA1, 0xEA, 0x0D, 0x6A, 0xC3, 0x2E, 0x0D, 0x82, 0xDF, 0x04, 0xCD, 0xE6, 0x20, 0x64, 0x4E, 0xBD,
0xAD, 0xBB, 0xB7, 0x7A, 0x8F, 0x7F, 0x58, 0x26, 0x8F, 0x1E, 0x27, 0xE9, 0xD1, 0x77, 0xD1, 0xF2, 0xF4, 0xEC, 0xFC, 0xDE, 0xF7,
0xBF, 0x0C, 0xEE, 0xFD, 0x63, 0xF4, 0x53, 0xBC, 0x15, 0x9F, 0xDE, 0x39, 0x0B, 0x5F, 0xFE, 0x18, 0xFD, 0x76, 0xE7, 0xA7, 0x9F,
0xCE, 0xFE, 0x91, 0xBE, 0xF9, 0x71, 0xF4, 0xDF, 0x3F, 0xF4, 0x0F, 0x67, 0xF1, 0x8F, 0x0F, 0xCF, 0x9F, 0x7D, 0xFB, 0x70, 0x33,
0x1B, 0xFD, 0xD7, 0xF0, 0xC9, 0xC9, 0xF9, 0x13, 0x90, 0x08, 0xD2, 0x24, 0xCB, 0x92, 0x34, 0x9C, 0x84, 0x20, 0xD2, 0x7A, 0x71,
0x12, 0x2F, 0x67, 0xC9, 0x22, 0x43, 0x39, 0xAC, 0x18, 0x13, 0xEC, 0xEF, 0x30, 0x2D, 0xF4, 0xC7, 0x14, 0xB6, 0xD7, 0xFD, 0xFF,
0x0F, 0xDF, 0xB0, 0xD1, 0xF5, 0x8D, 0x92, 0x01, 0x00
};
